Newsnet DCH	2016-10	Page Impressions	126349317
Newsnet DCH	2016-10	Unique Clients	3060000
Newsnet DCH	2016-10	Visits	25441131
Newsnet DCH	2016-11	Page Impressions	129122839
Newsnet DCH	2016-11	Unique Clients	3555000
Newsnet DCH	2016-11	Visits	26054226
Newsnet DCH	2016-12	Page Impressions	123284316
Newsnet DCH	2016-12	Unique Clients	3378000
Newsnet DCH	2016-12	Visits	24593845
Newsnet DCH	2017-01	Page Impressions	141811590
Newsnet DCH	2017-01	Unique Clients	3512000
Newsnet DCH	2017-01	Visits	25865660
Newsnet DCH	2017-02	Page Impressions	122313201
Newsnet DCH	2017-02	Unique Clients	3278000
Newsnet DCH	2017-02	Visits	23448730
Newsnet DCH	2017-03	Page Impressions	128364256
Newsnet DCH	2017-03	Unique Clients	3480000
Newsnet DCH	2017-03	Visits	24965398
Newsnet DCH	2017-04	Page Impressions	114184093
Newsnet DCH	2017-04	Unique Clients	3110000
Newsnet DCH	2017-04	Visits	22736555
Newsnet DCH	2017-05	Page Impressions	131822955
Newsnet DCH	2017-05	Unique Clients	3313000
Newsnet DCH	2017-05	Visits	24685008
Newsnet DCH	2017-06	Page Impressions	122472542
Newsnet DCH	2017-06	Unique Clients	3253000
Newsnet DCH	2017-06	Visits	23443129
Newsnet DCH	2017-07	Page Impressions	126046580
Newsnet DCH	2017-07	Unique Clients	3127000
Newsnet DCH	2017-07	Visits	22466133
Newsnet DCH	2017-08	Page Impressions	131296791
Newsnet DCH	2017-08	Unique Clients	3232000
Newsnet DCH	2017-08	Visits	23543155
Newsnet DCH	2017-09	Page Impressions	110291447
Newsnet DCH	2017-09	Unique Clients	3061000
Newsnet DCH	2017-09	Visits	21655251
Newsnet DCH	2017-10	Page Impressions	105368701
Newsnet DCH	2017-10	Unique Clients	3084000
Newsnet DCH	2017-10	Visits	21638816
NZZ-Netz	2016-10	Page Impressions	89408339
NZZ-Netz	2016-10	Unique Clients	3800000
NZZ-Netz	2016-10	Visits	20399635
NZZ-Netz	2016-11	Page Impressions	92597287
NZZ-Netz	2016-11	Unique Clients	3953000
NZZ-Netz	2016-11	Visits	21347569
NZZ-Netz	2016-12	Page Impressions	86265640
NZZ-Netz	2016-12	Unique Clients	3710000
NZZ-Netz	2016-12	Visits	20132000
NZZ-Netz	2017-01	Page Impressions	99998596
NZZ-Netz	2017-01	Unique Clients	4084000
NZZ-Netz	2017-01	Visits	22400249
NZZ-Netz	2017-02	Page Impressions	89749615
NZZ-Netz	2017-02	Unique Clients	3827000
NZZ-Netz	2017-02	Visits	20399515
NZZ-Netz	2017-03	Page Impressions	97203761
NZZ-Netz	2017-03	Unique Clients	4049000
NZZ-Netz	2017-03	Visits	22634434
NZZ-Netz	2017-04	Page Impressions	95065310
NZZ-Netz	2017-04	Unique Clients	3991000
NZZ-Netz	2017-04	Visits	22778578
NZZ-Netz	2017-05	Page Impressions	108910157
NZZ-Netz	2017-05	Unique Clients	4427000
NZZ-Netz	2017-05	Visits	25168568
NZZ-Netz	2017-06	Page Impressions	104874675
NZZ-Netz	2017-06	Unique Clients	4234000
NZZ-Netz	2017-06	Visits	23944276
NZZ-Netz	2017-07	Page Impressions	119793365
NZZ-Netz	2017-07	Unique Clients	4332000
NZZ-Netz	2017-07	Visits	24625431
NZZ-Netz	2017-08	Page Impressions	121509792
NZZ-Netz	2017-08	Unique Clients	4563000
NZZ-Netz	2017-08	Visits	26153184
NZZ-Netz	2017-09	Page Impressions	118258766
NZZ-Netz	2017-09	Unique Clients	4568000
NZZ-Netz	2017-09	Visits	25859787
NZZ-Netz	2017-10	Page Impressions	110045172
NZZ-Netz	2017-10	Unique Clients	4560000
NZZ-Netz	2017-10	Visits	25856990
20 min	2016-10	CH PIs	90-94%
20 min	2016-10	CH Visits	90-94%
20 min	2016-10	PI/Visits	10.8
20 min	2016-10	Page Impressions	841171201
20 min	2016-10	Unique Clients	4493000
20 min	2016-10	Nutzungsdauer	0:07:08
20 min	2016-10	Visits	77895356
20 min	2016-10	Visits/UCs	17.3
20 min	2016-11	CH PIs	90-94%
20 min	2016-11	CH Visits	90-94%
20 min	2016-11	PI/Visits	10.8
20 min	2016-11	Page Impressions	869739286
20 min	2016-11	Unique Clients	4677000
20 min	2016-11	Nutzungsdauer	0:07:09
20 min	2016-11	Visits	80361171
20 min	2016-11	Visits/UCs	17.2
20 min	2016-12	CH PIs	90-94%
20 min	2016-12	CH Visits	90-94%
20 min	2016-12	PI/Visits	11.3
20 min	2016-12	Page Impressions	943062531
20 min	2016-12	Unique Clients	4658000
20 min	2016-12	Nutzungsdauer	0:07:02
20 min	2016-12	Visits	83168433
20 min	2016-12	Visits/UCs	17.9
20 min	2017-01	CH PIs	90-94%
20 min	2017-01	CH Visits	90-94%
20 min	2017-01	PI/Visits	12.1
20 min	2017-01	Page Impressions	1099342015
20 min	2017-01	Unique Clients	4871000
20 min	2017-01	Nutzungsdauer	0:07:19
20 min	2017-01	Visits	90557303
20 min	2017-01	Visits/UCs	18.6
20 min	2017-02	CH PIs	90-94%
20 min	2017-02	CH Visits	90-94%
20 min	2017-02	PI/Visits	11.0
20 min	2017-02	Page Impressions	872608215
20 min	2017-02	Unique Clients	4601000
20 min	2017-02	Nutzungsdauer	0:07:24
20 min	2017-02	Visits	79661711
20 min	2017-02	Visits/UCs	17.3
20 min	2017-03	CH PIs	90-94%
20 min	2017-03	CH Visits	90-94%
20 min	2017-03	PI/Visits	10.8
20 min	2017-03	Page Impressions	933713057
20 min	2017-03	Unique Clients	4777000
20 min	2017-03	Nutzungsdauer	0:07:13
20 min	2017-03	Visits	86628354
20 min	2017-03	Visits/UCs	18.1
20 min	2017-04	CH PIs	90-94%
20 min	2017-04	CH Visits	90-94%
20 min	2017-04	PI/Visits	11.0
20 min	2017-04	Page Impressions	901313954
20 min	2017-04	Unique Clients	4583000
20 min	2017-04	Nutzungsdauer	0:07:14
20 min	2017-04	Visits	82036752
20 min	2017-04	Visits/UCs	17.9
20 min	2017-05	CH PIs	90-94%
20 min	2017-05	CH Visits	90-94%
20 min	2017-05	PI/Visits	11.2
20 min	2017-05	Page Impressions	957115491
20 min	2017-05	Unique Clients	4569000
20 min	2017-05	Nutzungsdauer	0:07:13
20 min	2017-05	Visits	85759443
20 min	2017-05	Visits/UCs	18.8
20 min	2017-06	CH PIs	90-94%
20 min	2017-06	CH Visits	90-94%
20 min	2017-06	PI/Visits	11.0
20 min	2017-06	Page Impressions	932218826
20 min	2017-06	Unique Clients	4517000
20 min	2017-06	Nutzungsdauer	0:07:13
20 min	2017-06	Visits	84670006
20 min	2017-06	Visits/UCs	18.7
20 min	2017-07	CH PIs	85-89%
20 min	2017-07	CH Visits	85-89%
20 min	2017-07	PI/Visits	11.1
20 min	2017-07	Page Impressions	957842630
20 min	2017-07	Unique Clients	4635000
20 min	2017-07	Nutzungsdauer	0:07:19
20 min	2017-07	Visits	86150970
20 min	2017-07	Visits/UCs	18.6
20 min	2017-08	CH PIs	90-94%
20 min	2017-08	CH Visits	90-94%
20 min	2017-08	PI/Visits	11.4
20 min	2017-08	Page Impressions	1037581295
20 min	2017-08	Unique Clients	4771000
20 min	2017-08	Nutzungsdauer	0:07:20
20 min	2017-08	Visits	91283004
20 min	2017-08	Visits/UCs	19.1
20 min	2017-09	CH PIs	90-94%
20 min	2017-09	CH Visits	90-94%
20 min	2017-09	PI/Visits	9.9
20 min	2017-09	Page Impressions	874322806
20 min	2017-09	Unique Clients	4729000
20 min	2017-09	Nutzungsdauer	0:07:09
20 min	2017-09	Visits	88519071
20 min	2017-09	Visits/UCs	18.7
20 min	2017-10	CH PIs	90-94%
20 min	2017-10	CH Visits	90-94%
20 min	2017-10	PI/Visits	10.5
20 min	2017-10	Page Impressions	926531485
20 min	2017-10	Unique Clients	4783000
20 min	2017-10	Nutzungsdauer	0:07:04
20 min	2017-10	Visits	88034301
20 min	2017-10	Visits/UCs	18.4
BAZ	2016-10	CH PIs	80-84%
BAZ	2016-10	CH Visits	75-79%
BAZ	2016-10	PI/Visits	5.4
BAZ	2016-10	Page Impressions	21462068
BAZ	2016-10	Unique Clients	478000
BAZ	2016-10	Nutzungsdauer	0:09:38
BAZ	2016-10	Visits	3994700
BAZ	2016-10	Visits/UCs	8.4
BAZ	2016-11	CH PIs	80-84%
BAZ	2016-11	CH Visits	80-84%
BAZ	2016-11	PI/Visits	5.3
BAZ	2016-11	Page Impressions	20341950
BAZ	2016-11	Unique Clients	557000
BAZ	2016-11	Nutzungsdauer	0:06:44
BAZ	2016-11	Visits	3827233
BAZ	2016-11	Visits/UCs	6.9
BAZ	2016-12	CH PIs	80-84%
BAZ	2016-12	CH Visits	75-79%
BAZ	2016-12	PI/Visits	5.2
BAZ	2016-12	Page Impressions	19307056
BAZ	2016-12	Unique Clients	540000
BAZ	2016-12	Nutzungsdauer	0:05:37
BAZ	2016-12	Visits	3747897
BAZ	2016-12	Visits/UCs	6.9
BAZ	2017-01	CH PIs	80-84%
BAZ	2017-01	CH Visits	75-79%
BAZ	2017-01	PI/Visits	5.6
BAZ	2017-01	Page Impressions	22504591
BAZ	2017-01	Unique Clients	614000
BAZ	2017-01	Nutzungsdauer	0:06:00
BAZ	2017-01	Visits	3986441
BAZ	2017-01	Visits/UCs	6.5
BAZ	2017-02	CH PIs	80-84%
BAZ	2017-02	CH Visits	75-79%
BAZ	2017-02	PI/Visits	5.3
BAZ	2017-02	Page Impressions	19208345
BAZ	2017-02	Unique Clients	569000
BAZ	2017-02	Nutzungsdauer	0:05:58
BAZ	2017-02	Visits	3634348
BAZ	2017-02	Visits/UCs	6.4
BAZ	2017-03	CH PIs	80-84%
BAZ	2017-03	CH Visits	75-79%
BAZ	2017-03	PI/Visits	5.6
BAZ	2017-03	Page Impressions	21660981
BAZ	2017-03	Unique Clients	557000
BAZ	2017-03	Nutzungsdauer	0:05:59
BAZ	2017-03	Visits	3849826
BAZ	2017-03	Visits/UCs	6.9
BAZ	2017-04	CH PIs	80-84%
BAZ	2017-04	CH Visits	75-79%
BAZ	2017-04	PI/Visits	5.3
BAZ	2017-04	Page Impressions	19164024
BAZ	2017-04	Unique Clients	526000
BAZ	2017-04	Nutzungsdauer	0:05:59
BAZ	2017-04	Visits	3616273
BAZ	2017-04	Visits/UCs	6.9
BAZ	2017-05	CH PIs	80-84%
BAZ	2017-05	CH Visits	75-79%
BAZ	2017-05	PI/Visits	5.7
BAZ	2017-05	Page Impressions	22252757
BAZ	2017-05	Unique Clients	557000
BAZ	2017-05	Nutzungsdauer	0:06:02
BAZ	2017-05	Visits	3901519
BAZ	2017-05	Visits/UCs	7.0
BAZ	2017-06	CH PIs	75-79%
BAZ	2017-06	CH Visits	75-79%
BAZ	2017-06	PI/Visits	5.4
BAZ	2017-06	Page Impressions	20995221
BAZ	2017-06	Unique Clients	603000
BAZ	2017-06	Nutzungsdauer	0:05:54
BAZ	2017-06	Visits	3921714
BAZ	2017-06	Visits/UCs	6.5
BAZ	2017-07	CH PIs	75-79%
BAZ	2017-07	CH Visits	70-74%
BAZ	2017-07	PI/Visits	6.0
BAZ	2017-07	Page Impressions	22306680
BAZ	2017-07	Unique Clients	535000
BAZ	2017-07	Nutzungsdauer	0:06:08
BAZ	2017-07	Visits	3747320
BAZ	2017-07	Visits/UCs	7.0
BAZ	2017-08	CH PIs	75-79%
BAZ	2017-08	CH Visits	70-74%
BAZ	2017-08	PI/Visits	5.6
BAZ	2017-08	Page Impressions	23710570
BAZ	2017-08	Unique Clients	652000
BAZ	2017-08	Nutzungsdauer	0:05:52
BAZ	2017-08	Visits	4248797
BAZ	2017-08	Visits/UCs	6.5
BAZ	2017-09	CH PIs	75-79%
BAZ	2017-09	CH Visits	75-79%
BAZ	2017-09	PI/Visits	5.1
BAZ	2017-09	Page Impressions	20194378
BAZ	2017-09	Unique Clients	597000
BAZ	2017-09	Nutzungsdauer	0:06:12
BAZ	2017-09	Visits	3949567
BAZ	2017-09	Visits/UCs	6.6
BAZ	2017-10	CH PIs	75-79%
BAZ	2017-10	CH Visits	70-74%
BAZ	2017-10	PI/Visits	4.7
BAZ	2017-10	Page Impressions	20159049
BAZ	2017-10	Unique Clients	710000
BAZ	2017-10	Nutzungsdauer	0:05:54
BAZ	2017-10	Visits	4280954
BAZ	2017-10	Visits/UCs	6.0
Blick	2016-09	CH PIs	90-94%
Blick	2016-09	CH Visits	85-89%
Blick	2016-09	PI/Visits	12.8
Blick	2016-09	Page Impressions	758698604
Blick	2016-09	Unique Clients	4386000
Blick	2016-09	Nutzungsdauer	0:06:15
Blick	2016-09	Visits	59333530
Blick	2016-09	Visits/UCs	13.5
Blick	2016-10	CH PIs	90-94%
Blick	2016-10	CH Visits	85-89%
Blick	2016-10	PI/Visits	13.2
Blick	2016-10	Page Impressions	790260112
Blick	2016-10	Unique Clients	4678000
Blick	2016-10	Nutzungsdauer	0:06:16
Blick	2016-10	Visits	60026709
Blick	2016-10	Visits/UCs	12.8
Blick	2016-11	CH PIs	90-94%
Blick	2016-11	CH Visits	85-89%
Blick	2016-11	PI/Visits	12.4
Blick	2016-11	Page Impressions	736546963
Blick	2016-11	Unique Clients	4636000
Blick	2016-11	Nutzungsdauer	0:06:14
Blick	2016-11	Visits	59515180
Blick	2016-11	Visits/UCs	12.8
Blick	2016-12	CH PIs	90-94%
Blick	2016-12	CH Visits	85-89%
Blick	2016-12	PI/Visits	12.5
Blick	2016-12	Page Impressions	735698735
Blick	2016-12	Unique Clients	4436000
Blick	2016-12	Nutzungsdauer	0:05:57
Blick	2016-12	Visits	58936040
Blick	2016-12	Visits/UCs	13.3
Blick	2017-01	CH PIs	90-94%
Blick	2017-01	CH Visits	85-89%
Blick	2017-01	PI/Visits	12.4
Blick	2017-01	Page Impressions	779164805
Blick	2017-01	Unique Clients	4840000
Blick	2017-01	Nutzungsdauer	0:06:10
Blick	2017-01	Visits	62759227
Blick	2017-01	Visits/UCs	13.0
Blick	2017-02	CH PIs	90-94%
Blick	2017-02	CH Visits	85-89%
Blick	2017-02	PI/Visits	12.2
Blick	2017-02	Page Impressions	675704401
Blick	2017-02	Unique Clients	4503000
Blick	2017-02	Nutzungsdauer	0:06:15
Blick	2017-02	Visits	55583491
Blick	2017-02	Visits/UCs	12.3
Blick	2017-03	CH PIs	90-94%
Blick	2017-03	CH Visits	85-89%
Blick	2017-03	PI/Visits	12.2
Blick	2017-03	Page Impressions	740968034
Blick	2017-03	Unique Clients	4669000
Blick	2017-03	Nutzungsdauer	0:06:07
Blick	2017-03	Visits	60534669
Blick	2017-03	Visits/UCs	13.0
Blick	2017-04	CH PIs	90-94%
Blick	2017-04	CH Visits	85-89%
Blick	2017-04	PI/Visits	12.1
Blick	2017-04	Page Impressions	694163689
Blick	2017-04	Unique Clients	4245000
Blick	2017-04	Nutzungsdauer	0:06:19
Blick	2017-04	Visits	57182523
Blick	2017-04	Visits/UCs	13.5
Blick	2017-05	CH PIs	90-94%
Blick	2017-05	CH Visits	85-89%
Blick	2017-05	PI/Visits	12.7
Blick	2017-05	Page Impressions	754615065
Blick	2017-05	Unique Clients	4327000
Blick	2017-05	Nutzungsdauer	0:06:16
Blick	2017-05	Visits	59491295
Blick	2017-05	Visits/UCs	13.7
Blick	2017-06	CH PIs	90-94%
Blick	2017-06	CH Visits	85-89%
Blick	2017-06	PI/Visits	13.0
Blick	2017-06	Page Impressions	749048990
Blick	2017-06	Unique Clients	4323000
Blick	2017-06	Nutzungsdauer	0:06:19
Blick	2017-06	Visits	57820655
Blick	2017-06	Visits/UCs	13.4
Blick	2017-07	CH PIs	85-89%
Blick	2017-07	CH Visits	85-89%
Blick	2017-07	PI/Visits	13.1
Blick	2017-07	Page Impressions	788494902
Blick	2017-07	Unique Clients	4503000
Blick	2017-07	Nutzungsdauer	0:06:27
Blick	2017-07	Visits	60300026
Blick	2017-07	Visits/UCs	13.4
Blick	2017-08	CH PIs	90-94%
Blick	2017-08	CH Visits	85-89%
Blick	2017-08	PI/Visits	13.0
Blick	2017-08	Page Impressions	811527728
Blick	2017-08	Unique Clients	4568000
Blick	2017-08	Nutzungsdauer	0:06:25
Blick	2017-08	Visits	62310768
Blick	2017-08	Visits/UCs	13.6
Blick	2017-09	CH PIs	90-94%
Blick	2017-09	CH Visits	85-89%
Blick	2017-09	PI/Visits	12.4
Blick	2017-09	Page Impressions	736460785
Blick	2017-09	Unique Clients	4525000
Blick	2017-09	Nutzungsdauer	0:06:19
Blick	2017-09	Visits	59629542
Blick	2017-09	Visits/UCs	13.2
Bluewin	2016-10	CH PIs	90-94%
Bluewin	2016-10	CH Visits	90-94%
Bluewin	2016-10	PI/Visits	5.9
Bluewin	2016-10	Page Impressions	216877784
Bluewin	2016-10	Unique Clients	2856000
Bluewin	2016-10	Nutzungsdauer	0:08:40
Bluewin	2016-10	Visits	37000191
Bluewin	2016-10	Visits/UCs	13.0
Bluewin	2016-11	CH PIs	95-100%
Bluewin	2016-11	CH Visits	90-94%
Bluewin	2016-11	PI/Visits	6.4
Bluewin	2016-11	Page Impressions	243318441
Bluewin	2016-11	Unique Clients	2898000
Bluewin	2016-11	Nutzungsdauer	0:08:37
Bluewin	2016-11	Visits	38093748
Bluewin	2016-11	Visits/UCs	13.1
Bluewin	2016-12	CH PIs	95-100%
Bluewin	2016-12	CH Visits	90-94%
Bluewin	2016-12	PI/Visits	6.0
Bluewin	2016-12	Page Impressions	222123772
Bluewin	2016-12	Unique Clients	2774000
Bluewin	2016-12	Nutzungsdauer	0:08:21
Bluewin	2016-12	Visits	36735800
Bluewin	2016-12	Visits/UCs	13.2
Bluewin	2017-01	CH PIs	95-100%
Bluewin	2017-01	CH Visits	90-94%
Bluewin	2017-01	PI/Visits	6.7
Bluewin	2017-01	Page Impressions	264031114
Bluewin	2017-01	Unique Clients	2971000
Bluewin	2017-01	Nutzungsdauer	0:08:38
Bluewin	2017-01	Visits	39408703
Bluewin	2017-01	Visits/UCs	13.3
Bluewin	2017-02	CH PIs	95-100%
Bluewin	2017-02	CH Visits	90-94%
Bluewin	2017-02	PI/Visits	6.6
Bluewin	2017-02	Page Impressions	235079546
Bluewin	2017-02	Unique Clients	2728000
Bluewin	2017-02	Nutzungsdauer	0:08:33
Bluewin	2017-02	Visits	35530816
Bluewin	2017-02	Visits/UCs	13.0
Bluewin	2017-03	CH PIs	95-100%
Bluewin	2017-03	CH Visits	90-94%
Bluewin	2017-03	PI/Visits	6.3
Bluewin	2017-03	Page Impressions	249390978
Bluewin	2017-03	Unique Clients	2866000
Bluewin	2017-03	Nutzungsdauer	0:08:32
Bluewin	2017-03	Visits	39275606
Bluewin	2017-03	Visits/UCs	13.7
Bluewin	2017-04	CH PIs	95-100%
Bluewin	2017-04	CH Visits	90-94%
Bluewin	2017-04	PI/Visits	6.3
Bluewin	2017-04	Page Impressions	224193379
Bluewin	2017-04	Unique Clients	2678000
Bluewin	2017-04	Nutzungsdauer	0:08:22
Bluewin	2017-04	Visits	35659870
Bluewin	2017-04	Visits/UCs	13.3
Bluewin	2017-05	CH PIs	95-100%
Bluewin	2017-05	CH Visits	90-94%
Bluewin	2017-05	PI/Visits	6.5
Bluewin	2017-05	Page Impressions	246425152
Bluewin	2017-05	Unique Clients	2736000
Bluewin	2017-05	Nutzungsdauer	0:08:19
Bluewin	2017-05	Visits	37922852
Bluewin	2017-05	Visits/UCs	13.9
Bluewin	2017-06	CH PIs	90-94%
Bluewin	2017-06	CH Visits	90-94%
Bluewin	2017-06	PI/Visits	6.3
Bluewin	2017-06	Page Impressions	221765519
Bluewin	2017-06	Unique Clients	2669000
Bluewin	2017-06	Nutzungsdauer	0:08:16
Bluewin	2017-06	Visits	35123218
Bluewin	2017-06	Visits/UCs	13.2
Bluewin	2017-07	CH PIs	90-94%
Bluewin	2017-07	CH Visits	90-94%
Bluewin	2017-07	PI/Visits	6.5
Bluewin	2017-07	Page Impressions	223284721
Bluewin	2017-07	Unique Clients	2594000
Bluewin	2017-07	Nutzungsdauer	0:08:08
Bluewin	2017-07	Visits	34101038
Bluewin	2017-07	Visits/UCs	13.1
Bluewin	2017-08	CH PIs	90-94%
Bluewin	2017-08	CH Visits	90-94%
Bluewin	2017-08	PI/Visits	6.2
Bluewin	2017-08	Page Impressions	220405809
Bluewin	2017-08	Unique Clients	2645000
Bluewin	2017-08	Nutzungsdauer	0:08:16
Bluewin	2017-08	Visits	35265570
Bluewin	2017-08	Visits/UCs	13.3
Bluewin	2017-09	CH PIs	90-94%
Bluewin	2017-09	CH Visits	90-94%
Bluewin	2017-09	PI/Visits	6.2
Bluewin	2017-09	Page Impressions	217243373
Bluewin	2017-09	Unique Clients	2578000
Bluewin	2017-09	Nutzungsdauer	0:08:19
Bluewin	2017-09	Visits	34799580
Bluewin	2017-09	Visits/UCs	13.5
Bluewin	2017-10	CH PIs	90-94%
Bluewin	2017-10	CH Visits	90-94%
Bluewin	2017-10	PI/Visits	6.1
Bluewin	2017-10	Page Impressions	217713223
Bluewin	2017-10	Unique Clients	2605000
Bluewin	2017-10	Nutzungsdauer	0:08:19
Bluewin	2017-10	Visits	35846532
Bluewin	2017-10	Visits/UCs	13.8
Energy.ch	2016-10	CH PIs	85-89%
Energy.ch	2016-10	CH Visits	85-89%
Energy.ch	2016-10	PI/Visits	4.8
Energy.ch	2016-10	Page Impressions	8899646
Energy.ch	2016-10	Unique Clients	296000
Energy.ch	2016-10	Nutzungsdauer	0:06:00
Energy.ch	2016-10	Visits	1836563
Energy.ch	2016-10	Visits/UCs	6.2
Energy.ch	2016-11	CH PIs	90-94%
Energy.ch	2016-11	CH Visits	90-94%
Energy.ch	2016-11	PI/Visits	10.4
Energy.ch	2016-11	Page Impressions	25982684
Energy.ch	2016-11	Unique Clients	422000
Energy.ch	2016-11	Nutzungsdauer	0:05:24
Energy.ch	2016-11	Visits	2489222
Energy.ch	2016-11	Visits/UCs	5.9
Energy.ch	2016-12	CH PIs	85-89%
Energy.ch	2016-12	CH Visits	90-94%
Energy.ch	2016-12	PI/Visits	4.3
Energy.ch	2016-12	Page Impressions	7638281
Energy.ch	2016-12	Unique Clients	272000
Energy.ch	2016-12	Nutzungsdauer	0:06:04
Energy.ch	2016-12	Visits	1776172
Energy.ch	2016-12	Visits/UCs	6.5
Energy.ch	2017-01	CH PIs	85-89%
Energy.ch	2017-01	CH Visits	85-89%
Energy.ch	2017-01	PI/Visits	4.4
Energy.ch	2017-01	Page Impressions	7737495
Energy.ch	2017-01	Unique Clients	296000
Energy.ch	2017-01	Nutzungsdauer	0:05:53
Energy.ch	2017-01	Visits	1777271
Energy.ch	2017-01	Visits/UCs	6.0
Energy.ch	2017-02	CH PIs	85-89%
Energy.ch	2017-02	CH Visits	85-89%
Energy.ch	2017-02	PI/Visits	4.2
Energy.ch	2017-02	Page Impressions	7721734
Energy.ch	2017-02	Unique Clients	323000
Energy.ch	2017-02	Nutzungsdauer	0:05:36
Energy.ch	2017-02	Visits	1834011
Energy.ch	2017-02	Visits/UCs	5.7
Energy.ch	2017-03	CH PIs	85-89%
Energy.ch	2017-03	CH Visits	85-89%
Energy.ch	2017-03	PI/Visits	4.3
Energy.ch	2017-03	Page Impressions	8746460
Energy.ch	2017-03	Unique Clients	320000
Energy.ch	2017-03	Nutzungsdauer	0:05:53
Energy.ch	2017-03	Visits	2034246
Energy.ch	2017-03	Visits/UCs	6.4
Energy.ch	2017-04	CH PIs	85-89%
Energy.ch	2017-04	CH Visits	85-89%
Energy.ch	2017-04	PI/Visits	4.3
Energy.ch	2017-04	Page Impressions	8244615
Energy.ch	2017-04	Unique Clients	347000
Energy.ch	2017-04	Nutzungsdauer	0:05:43
Energy.ch	2017-04	Visits	1934062
Energy.ch	2017-04	Visits/UCs	5.6
Energy.ch	2017-05	CH PIs	85-89%
Energy.ch	2017-05	CH Visits	85-89%
Energy.ch	2017-05	PI/Visits	4.5
Energy.ch	2017-05	Page Impressions	8839313
Energy.ch	2017-05	Unique Clients	341000
Energy.ch	2017-05	Nutzungsdauer	0:05:42
Energy.ch	2017-05	Visits	1982132
Energy.ch	2017-05	Visits/UCs	5.8
Energy.ch	2017-06	CH PIs	85-89%
Energy.ch	2017-06	CH Visits	85-89%
Energy.ch	2017-06	PI/Visits	4.0
Energy.ch	2017-06	Page Impressions	7394417
Energy.ch	2017-06	Unique Clients	359000
Energy.ch	2017-06	Nutzungsdauer	0:05:10
Energy.ch	2017-06	Visits	1844608
Energy.ch	2017-06	Visits/UCs	5.1
Energy.ch	2017-07	CH PIs	85-89%
Energy.ch	2017-07	CH Visits	80-84%
Energy.ch	2017-07	PI/Visits	3.6
Energy.ch	2017-07	Page Impressions	6659769
Energy.ch	2017-07	Unique Clients	393000
Energy.ch	2017-07	Nutzungsdauer	0:04:17
Energy.ch	2017-07	Visits	1864599
Energy.ch	2017-07	Visits/UCs	4.7
Energy.ch	2017-08	CH PIs	95-100%
Energy.ch	2017-08	CH Visits	90-94%
Energy.ch	2017-08	PI/Visits	21.6
Energy.ch	2017-08	Page Impressions	60231945
Energy.ch	2017-08	Unique Clients	531000
Energy.ch	2017-08	Nutzungsdauer	0:05:23
Energy.ch	2017-08	Visits	2792301
Energy.ch	2017-08	Visits/UCs	5.3
Energy.ch	2017-09	CH PIs	90-94%
Energy.ch	2017-09	CH Visits	90-94%
Energy.ch	2017-09	PI/Visits	4.5
Energy.ch	2017-09	Page Impressions	7879068
Energy.ch	2017-09	Unique Clients	341000
Energy.ch	2017-09	Nutzungsdauer	0:04:25
Energy.ch	2017-09	Visits	1741413
Energy.ch	2017-09	Visits/UCs	5.1
Energy.ch	2017-10	CH PIs	95-100%
Energy.ch	2017-10	CH Visits	85-89%
Energy.ch	2017-10	PI/Visits	8.6
Energy.ch	2017-10	Page Impressions	16023311
Energy.ch	2017-10	Unique Clients	320000
Energy.ch	2017-10	Nutzungsdauer	0:04:17
Energy.ch	2017-10	Visits	1856098
Energy.ch	2017-10	Visits/UCs	5.8
familienleben.ch	2016-10	CH PIs	60-64%
familienleben.ch	2016-10	CH Visits	55-59%
familienleben.ch	2016-10	PI/Visits	2.1
familienleben.ch	2016-10	Page Impressions	930513
familienleben.ch	2016-10	Unique Clients	312000
familienleben.ch	2016-10	Nutzungsdauer	0:02:38
familienleben.ch	2016-10	Visits	448206
familienleben.ch	2016-10	Visits/UCs	1.4
familienleben.ch	2016-11	CH PIs	60-64%
familienleben.ch	2016-11	CH Visits	60-64%
familienleben.ch	2016-11	PI/Visits	2.2
familienleben.ch	2016-11	Page Impressions	1082529
familienleben.ch	2016-11	Unique Clients	349000
familienleben.ch	2016-11	Nutzungsdauer	0:02:29
familienleben.ch	2016-11	Visits	498678
familienleben.ch	2016-11	Visits/UCs	1.4
familienleben.ch	2016-12	CH PIs	60-64%
familienleben.ch	2016-12	CH Visits	60-64%
familienleben.ch	2016-12	PI/Visits	2.0
familienleben.ch	2016-12	Page Impressions	900970
familienleben.ch	2016-12	Unique Clients	327000
familienleben.ch	2016-12	Nutzungsdauer	0:02:30
familienleben.ch	2016-12	Visits	460964
familienleben.ch	2016-12	Visits/UCs	1.4
familienleben.ch	2017-01	CH PIs	60-64%
familienleben.ch	2017-01	CH Visits	60-64%
familienleben.ch	2017-01	PI/Visits	2.0
familienleben.ch	2017-01	Page Impressions	940546
familienleben.ch	2017-01	Unique Clients	329000
familienleben.ch	2017-01	Nutzungsdauer	0:02:37
familienleben.ch	2017-01	Visits	476151
familienleben.ch	2017-01	Visits/UCs	1.4
familienleben.ch	2017-02	CH PIs	65-69%
familienleben.ch	2017-02	CH Visits	60-64%
familienleben.ch	2017-02	PI/Visits	2.0
familienleben.ch	2017-02	Page Impressions	824494
familienleben.ch	2017-02	Unique Clients	293000
familienleben.ch	2017-02	Nutzungsdauer	0:02:40
familienleben.ch	2017-02	Visits	418301
familienleben.ch	2017-02	Visits/UCs	1.4
familienleben.ch	2017-03	CH PIs	65-69%
familienleben.ch	2017-03	CH Visits	60-64%
familienleben.ch	2017-03	PI/Visits	2.0
familienleben.ch	2017-03	Page Impressions	888317
familienleben.ch	2017-03	Unique Clients	296000
familienleben.ch	2017-03	Nutzungsdauer	0:02:36
familienleben.ch	2017-03	Visits	438827
familienleben.ch	2017-03	Visits/UCs	1.5
familienleben.ch	2017-04	CH PIs	65-69%
familienleben.ch	2017-04	CH Visits	65-69%
familienleben.ch	2017-04	PI/Visits	2.2
familienleben.ch	2017-04	Page Impressions	948934
familienleben.ch	2017-04	Unique Clients	306000
familienleben.ch	2017-04	Nutzungsdauer	0:02:37
familienleben.ch	2017-04	Visits	438450
familienleben.ch	2017-04	Visits/UCs	1.4
familienleben.ch	2017-05	CH PIs	65-69%
familienleben.ch	2017-05	CH Visits	60-64%
familienleben.ch	2017-05	PI/Visits	2.1
familienleben.ch	2017-05	Page Impressions	946038
familienleben.ch	2017-05	Unique Clients	309000
familienleben.ch	2017-05	Nutzungsdauer	0:02:32
familienleben.ch	2017-05	Visits	445697
familienleben.ch	2017-05	Visits/UCs	1.4
familienleben.ch	2017-06	CH PIs	65-69%
familienleben.ch	2017-06	CH Visits	60-64%
familienleben.ch	2017-06	PI/Visits	2.0
familienleben.ch	2017-06	Page Impressions	840966
familienleben.ch	2017-06	Unique Clients	286000
familienleben.ch	2017-06	Nutzungsdauer	0:02:32
familienleben.ch	2017-06	Visits	411785
familienleben.ch	2017-06	Visits/UCs	1.4
familienleben.ch	2017-07	CH PIs	65-69%
familienleben.ch	2017-07	CH Visits	65-69%
familienleben.ch	2017-07	PI/Visits	2.1
familienleben.ch	2017-07	Page Impressions	785634
familienleben.ch	2017-07	Unique Clients	262000
familienleben.ch	2017-07	Nutzungsdauer	0:02:29
familienleben.ch	2017-07	Visits	372475
familienleben.ch	2017-07	Visits/UCs	1.4
familienleben.ch	2017-08	CH PIs	70-74%
familienleben.ch	2017-08	CH Visits	65-69%
familienleben.ch	2017-08	PI/Visits	2.1
familienleben.ch	2017-08	Page Impressions	743632
familienleben.ch	2017-08	Unique Clients	256000
familienleben.ch	2017-08	Nutzungsdauer	0:02:29
familienleben.ch	2017-08	Visits	357034
familienleben.ch	2017-08	Visits/UCs	1.4
familienleben.ch	2017-09	CH PIs	65-69%
familienleben.ch	2017-09	CH Visits	65-69%
familienleben.ch	2017-09	PI/Visits	2.0
familienleben.ch	2017-09	Page Impressions	686802
familienleben.ch	2017-09	Unique Clients	247000
familienleben.ch	2017-09	Nutzungsdauer	0:02:26
familienleben.ch	2017-09	Visits	345809
familienleben.ch	2017-09	Visits/UCs	1.4
familienleben.ch	2017-10	CH PIs	65-69%
familienleben.ch	2017-10	CH Visits	65-69%
familienleben.ch	2017-10	PI/Visits	2.1
familienleben.ch	2017-10	Page Impressions	860282
familienleben.ch	2017-10	Unique Clients	293000
familienleben.ch	2017-10	Nutzungsdauer	0:02:22
familienleben.ch	2017-10	Visits	406483
familienleben.ch	2017-10	Visits/UCs	1.4
FM1 Today	2016-10	CH PIs	90-94%
FM1 Today	2016-10	CH Visits	85-89%
FM1 Today	2016-10	PI/Visits	4.6
FM1 Today	2016-10	Page Impressions	2944903
FM1 Today	2016-10	Unique Clients	181000
FM1 Today	2016-10	Nutzungsdauer	0:03:23
FM1 Today	2016-10	Visits	633999
FM1 Today	2016-10	Visits/UCs	3.5
FM1 Today	2016-11	CH PIs	95
FM1 Today	2016-11	CH Visits	90-94%
FM1 Today	2016-11	PI/Visits	5.0
FM1 Today	2016-11	Page Impressions	3528415
FM1 Today	2016-11	Unique Clients	167000
FM1 Today	2016-11	Nutzungsdauer	0:03:12
FM1 Today	2016-11	Visits	704834
FM1 Today	2016-11	Visits/UCs	4.2
FM1 Today	2016-12	CH PIs	95-100%
FM1 Today	2016-12	CH Visits	90-94%
FM1 Today	2016-12	PI/Visits	3.4
FM1 Today	2016-12	Page Impressions	2900378
FM1 Today	2016-12	Unique Clients	197000
FM1 Today	2016-12	Nutzungsdauer	0:03:25
FM1 Today	2016-12	Visits	859782
FM1 Today	2016-12	Visits/UCs	4.4
FM1 Today	2017-01	CH PIs	95-100%
FM1 Today	2017-01	CH Visits	90-94%
FM1 Today	2017-01	PI/Visits	4.6
FM1 Today	2017-01	Page Impressions	4595127
FM1 Today	2017-01	Unique Clients	229000
FM1 Today	2017-01	Nutzungsdauer	0:02:57
FM1 Today	2017-01	Visits	1004046
FM1 Today	2017-01	Visits/UCs	4.4
FM1 Today	2017-02	CH PIs	90-94%
FM1 Today	2017-02	CH Visits	90-94%
FM1 Today	2017-02	PI/Visits	3.5
FM1 Today	2017-02	Page Impressions	3304633
FM1 Today	2017-02	Unique Clients	233000
FM1 Today	2017-02	Nutzungsdauer	0:03:19
FM1 Today	2017-02	Visits	932703
FM1 Today	2017-02	Visits/UCs	4.0
FM1 Today	2017-03	CH PIs	95-100%
FM1 Today	2017-03	CH Visits	90-94%
FM1 Today	2017-03	PI/Visits	3.3
FM1 Today	2017-03	Page Impressions	2959561
FM1 Today	2017-03	Unique Clients	194000
FM1 Today	2017-03	Nutzungsdauer	0:03:18
FM1 Today	2017-03	Visits	901243
FM1 Today	2017-03	Visits/UCs	4.7
FM1 Today	2017-04	CH PIs	95-100%
FM1 Today	2017-04	CH Visits	90-94%
FM1 Today	2017-04	PI/Visits	4.1
FM1 Today	2017-04	Page Impressions	3688454
FM1 Today	2017-04	Unique Clients	194000
FM1 Today	2017-04	Nutzungsdauer	0:03:33
FM1 Today	2017-04	Visits	898159
FM1 Today	2017-04	Visits/UCs	4.6
FM1 Today	2017-05	CH PIs	95-100%
FM1 Today	2017-05	CH Visits	90-94%
FM1 Today	2017-05	PI/Visits	5.9
FM1 Today	2017-05	Page Impressions	6412119
FM1 Today	2017-05	Unique Clients	217000
FM1 Today	2017-05	Nutzungsdauer	0:03:21
FM1 Today	2017-05	Visits	1081571
FM1 Today	2017-05	Visits/UCs	5.0
FM1 Today	2017-06	CH PIs	95-100%
FM1 Today	2017-06	CH Visits	90-94%
FM1 Today	2017-06	PI/Visits	5.5
FM1 Today	2017-06	Page Impressions	5888269
FM1 Today	2017-06	Unique Clients	230000
FM1 Today	2017-06	Nutzungsdauer	0:03:04
FM1 Today	2017-06	Visits	1067428
FM1 Today	2017-06	Visits/UCs	4.6
FM1 Today	2017-07	CH PIs	90-94%
FM1 Today	2017-07	CH Visits	85-89%
FM1 Today	2017-07	PI/Visits	5.6
FM1 Today	2017-07	Page Impressions	5990684
FM1 Today	2017-07	Unique Clients	234000
FM1 Today	2017-07	Nutzungsdauer	0:03:03
FM1 Today	2017-07	Visits	1073540
FM1 Today	2017-07	Visits/UCs	4.6
FM1 Today	2017-08	CH PIs	90-94%
FM1 Today	2017-08	CH Visits	90-94%
FM1 Today	2017-08	PI/Visits	5.0
FM1 Today	2017-08	Page Impressions	6064414
FM1 Today	2017-08	Unique Clients	259000
FM1 Today	2017-08	Nutzungsdauer	0:03:18
FM1 Today	2017-08	Visits	1208069
FM1 Today	2017-08	Visits/UCs	4.7
FM1 Today	2017-09	CH PIs	95-100%
FM1 Today	2017-09	CH Visits	90-94%
FM1 Today	2017-09	PI/Visits	5.3
FM1 Today	2017-09	Page Impressions	5845607
FM1 Today	2017-09	Unique Clients	219000
FM1 Today	2017-09	Nutzungsdauer	0:03:24
FM1 Today	2017-09	Visits	1108184
FM1 Today	2017-09	Visits/UCs	5.1
FM1 Today	2017-10	CH PIs	90-94%
FM1 Today	2017-10	CH Visits	90-94%
FM1 Today	2017-10	PI/Visits	4.6
FM1 Today	2017-10	Page Impressions	5330072
FM1 Today	2017-10	Unique Clients	218000
FM1 Today	2017-10	Nutzungsdauer	0:03:17
FM1 Today	2017-10	Visits	1162233
FM1 Today	2017-10	Visits/UCs	5.3
Der Landbote	2016-10	CH PIs	85-89%
Der Landbote	2016-10	CH Visits	80-84%
Der Landbote	2016-10	PI/Visits	2.6
Der Landbote	2016-10	Page Impressions	424766
Der Landbote	2016-10	Unique Clients	77000
Der Landbote	2016-10	Nutzungsdauer	0:03:18
Der Landbote	2016-10	Visits	161293
Der Landbote	2016-10	Visits/UCs	2.1
Der Landbote	2016-11	CH PIs	85-89%
Der Landbote	2016-11	CH Visits	85-89%
Der Landbote	2016-11	PI/Visits	2.7
Der Landbote	2016-11	Page Impressions	461007
Der Landbote	2016-11	Unique Clients	82000
Der Landbote	2016-11	Nutzungsdauer	0:03:12
Der Landbote	2016-11	Visits	171719
Der Landbote	2016-11	Visits/UCs	2.1
Der Landbote	2016-12	CH PIs	85-89%
Der Landbote	2016-12	CH Visits	80-84%
Der Landbote	2016-12	PI/Visits	2.8
Der Landbote	2016-12	Page Impressions	453762
Der Landbote	2016-12	Unique Clients	77000
Der Landbote	2016-12	Nutzungsdauer	0:02:57
Der Landbote	2016-12	Visits	161404
Der Landbote	2016-12	Visits/UCs	2.1
Der Landbote	2017-01	CH PIs	85-89%
Der Landbote	2017-01	CH Visits	80-84%
Der Landbote	2017-01	PI/Visits	2.5
Der Landbote	2017-01	Page Impressions	502525
Der Landbote	2017-01	Unique Clients	99000
Der Landbote	2017-01	Nutzungsdauer	0:02:58
Der Landbote	2017-01	Visits	198573
Der Landbote	2017-01	Visits/UCs	2.0
Der Landbote	2017-02	CH PIs	85-89%
Der Landbote	2017-02	CH Visits	80-84%
Der Landbote	2017-02	PI/Visits	2.5
Der Landbote	2017-02	Page Impressions	483861
Der Landbote	2017-02	Unique Clients	95000
Der Landbote	2017-02	Nutzungsdauer	0:03:12
Der Landbote	2017-02	Visits	193856
Der Landbote	2017-02	Visits/UCs	2.0
Der Landbote	2017-03	CH PIs	85-89%
Der Landbote	2017-03	CH Visits	85-89%
Der Landbote	2017-03	PI/Visits	2.7
Der Landbote	2017-03	Page Impressions	542478
Der Landbote	2017-03	Unique Clients	101000
Der Landbote	2017-03	Nutzungsdauer	0:03:02
Der Landbote	2017-03	Visits	202786
Der Landbote	2017-03	Visits/UCs	2.0
Der Landbote	2017-04	CH PIs	85-89%
Der Landbote	2017-04	CH Visits	80-84%
Der Landbote	2017-04	PI/Visits	3.5
Der Landbote	2017-04	Page Impressions	880840
Der Landbote	2017-04	Unique Clients	101000
Der Landbote	2017-04	Nutzungsdauer	0:03:47
Der Landbote	2017-04	Visits	249427
Der Landbote	2017-04	Visits/UCs	2.5
Der Landbote	2017-05	CH PIs	85-89%
Der Landbote	2017-05	CH Visits	85-89%
Der Landbote	2017-05	PI/Visits	3.2
Der Landbote	2017-05	Page Impressions	850795
Der Landbote	2017-05	Unique Clients	104000
Der Landbote	2017-05	Nutzungsdauer	0:03:38
Der Landbote	2017-05	Visits	266164
Der Landbote	2017-05	Visits/UCs	2.6
Der Landbote	2017-06	CH PIs	85-89%
Der Landbote	2017-06	CH Visits	85-89%
Der Landbote	2017-06	PI/Visits	3.1
Der Landbote	2017-06	Page Impressions	742586
Der Landbote	2017-06	Unique Clients	96000
Der Landbote	2017-06	Nutzungsdauer	0:03:37
Der Landbote	2017-06	Visits	240077
Der Landbote	2017-06	Visits/UCs	2.5
Der Landbote	2017-07	CH PIs	85-89%
Der Landbote	2017-07	CH Visits	85-89%
Der Landbote	2017-07	PI/Visits	3.2
Der Landbote	2017-07	Page Impressions	827686
Der Landbote	2017-07	Unique Clients	108000
Der Landbote	2017-07	Nutzungsdauer	0:03:22
Der Landbote	2017-07	Visits	257744
Der Landbote	2017-07	Visits/UCs	2.4
Der Landbote	2017-08	CH PIs	85-89%
Der Landbote	2017-08	CH Visits	85-89%
Der Landbote	2017-08	PI/Visits	3.7
Der Landbote	2017-08	Page Impressions	959258
Der Landbote	2017-08	Unique Clients	108000
Der Landbote	2017-08	Nutzungsdauer	0:03:12
Der Landbote	2017-08	Visits	256884
Der Landbote	2017-08	Visits/UCs	2.4
Der Landbote	2017-09	CH PIs	85-89%
Der Landbote	2017-09	CH Visits	85-89%
Der Landbote	2017-09	PI/Visits	3.1
Der Landbote	2017-09	Page Impressions	731354
Der Landbote	2017-09	Unique Clients	99000
Der Landbote	2017-09	Nutzungsdauer	0:03:30
Der Landbote	2017-09	Visits	238674
Der Landbote	2017-09	Visits/UCs	2.4
Der Landbote	2017-10	CH PIs	85-89%
Der Landbote	2017-10	CH Visits	85-89%
Der Landbote	2017-10	PI/Visits	3.1
Der Landbote	2017-10	Page Impressions	713694
Der Landbote	2017-10	Unique Clients	93000
Der Landbote	2017-10	Nutzungsdauer	0:03:35
Der Landbote	2017-10	Visits	231509
Der Landbote	2017-10	Visits/UCs	2.5
Neue Luzerner Zeitung	2016-10	CH PIs	90-94%
Neue Luzerner Zeitung	2016-10	CH Visits	85-89%
Neue Luzerner Zeitung	2016-10	PI/Visits	4.3
Neue Luzerner Zeitung	2016-10	Page Impressions	12321458
Neue Luzerner Zeitung	2016-10	Unique Clients	539000
Neue Luzerner Zeitung	2016-10	Nutzungsdauer	0:04:26
Neue Luzerner Zeitung	2016-10	Visits	2878423
Neue Luzerner Zeitung	2016-10	Visits/UCs	5.3
Neue Luzerner Zeitung	2016-11	CH PIs	90-94%
Neue Luzerner Zeitung	2016-11	CH Visits	90-94%
Neue Luzerner Zeitung	2016-11	PI/Visits	4.2
Neue Luzerner Zeitung	2016-11	Page Impressions	12829519
Neue Luzerner Zeitung	2016-11	Unique Clients	575000
Neue Luzerner Zeitung	2016-11	Nutzungsdauer	0:04:27
Neue Luzerner Zeitung	2016-11	Visits	3037450
Neue Luzerner Zeitung	2016-11	Visits/UCs	5.3
Neue Luzerner Zeitung	2016-12	CH PIs	90-94%
Neue Luzerner Zeitung	2016-12	CH Visits	90-94%
Neue Luzerner Zeitung	2016-12	PI/Visits	3.9
Neue Luzerner Zeitung	2016-12	Page Impressions	11656809
Neue Luzerner Zeitung	2016-12	Unique Clients	524000
Neue Luzerner Zeitung	2016-12	Nutzungsdauer	0:04:26
Neue Luzerner Zeitung	2016-12	Visits	2963005
Neue Luzerner Zeitung	2016-12	Visits/UCs	5.7
Neue Luzerner Zeitung	2017-01	CH PIs	90-94%
Neue Luzerner Zeitung	2017-01	CH Visits	90-94%
Neue Luzerner Zeitung	2017-01	PI/Visits	4.0
Neue Luzerner Zeitung	2017-01	Page Impressions	13722844
Neue Luzerner Zeitung	2017-01	Unique Clients	660000
Neue Luzerner Zeitung	2017-01	Nutzungsdauer	0:04:28
Neue Luzerner Zeitung	2017-01	Visits	3460675
Neue Luzerner Zeitung	2017-01	Visits/UCs	5.2
Neue Luzerner Zeitung	2017-02	CH PIs	90-94%
Neue Luzerner Zeitung	2017-02	CH Visits	90-94%
Neue Luzerner Zeitung	2017-02	PI/Visits	4.3
Neue Luzerner Zeitung	2017-02	Page Impressions	13753867
Neue Luzerner Zeitung	2017-02	Unique Clients	636000
Neue Luzerner Zeitung	2017-02	Nutzungsdauer	0:04:23
Neue Luzerner Zeitung	2017-02	Visits	3214090
Neue Luzerner Zeitung	2017-02	Visits/UCs	5.1
Neue Luzerner Zeitung	2017-03	CH PIs	90-94%
Neue Luzerner Zeitung	2017-03	CH Visits	90-94%
Neue Luzerner Zeitung	2017-03	PI/Visits	4.0
Neue Luzerner Zeitung	2017-03	Page Impressions	14697523
Neue Luzerner Zeitung	2017-03	Unique Clients	709000
Neue Luzerner Zeitung	2017-03	Nutzungsdauer	0:04:25
Neue Luzerner Zeitung	2017-03	Visits	3660409
Neue Luzerner Zeitung	2017-03	Visits/UCs	5.2
Neue Luzerner Zeitung	2017-04	CH PIs	90-94%
Neue Luzerner Zeitung	2017-04	CH Visits	90-94%
Neue Luzerner Zeitung	2017-04	PI/Visits	3.7
Neue Luzerner Zeitung	2017-04	Page Impressions	12334456
Neue Luzerner Zeitung	2017-04	Unique Clients	631000
Neue Luzerner Zeitung	2017-04	Nutzungsdauer	0:04:23
Neue Luzerner Zeitung	2017-04	Visits	3347167
Neue Luzerner Zeitung	2017-04	Visits/UCs	5.3
Neue Luzerner Zeitung	2017-05	CH PIs	90-94%
Neue Luzerner Zeitung	2017-05	CH Visits	90-94%
Neue Luzerner Zeitung	2017-05	PI/Visits	3.8
Neue Luzerner Zeitung	2017-05	Page Impressions	14083558
Neue Luzerner Zeitung	2017-05	Unique Clients	677000
Neue Luzerner Zeitung	2017-05	Nutzungsdauer	0:04:26
Neue Luzerner Zeitung	2017-05	Visits	3659129
Neue Luzerner Zeitung	2017-05	Visits/UCs	5.4
Neue Luzerner Zeitung	2017-06	CH PIs	90-94%
Neue Luzerner Zeitung	2017-06	CH Visits	85-89%
Neue Luzerner Zeitung	2017-06	PI/Visits	3.8
Neue Luzerner Zeitung	2017-06	Page Impressions	13722619
Neue Luzerner Zeitung	2017-06	Unique Clients	668000
Neue Luzerner Zeitung	2017-06	Nutzungsdauer	0:04:21
Neue Luzerner Zeitung	2017-06	Visits	3585268
Neue Luzerner Zeitung	2017-06	Visits/UCs	5.4
Neue Luzerner Zeitung	2017-07	CH PIs	85-89%
Neue Luzerner Zeitung	2017-07	CH Visits	85-89%
Neue Luzerner Zeitung	2017-07	PI/Visits	4.1
Neue Luzerner Zeitung	2017-07	Page Impressions	15823446
Neue Luzerner Zeitung	2017-07	Unique Clients	693000
Neue Luzerner Zeitung	2017-07	Nutzungsdauer	0:04:31
Neue Luzerner Zeitung	2017-07	Visits	3897173
Neue Luzerner Zeitung	2017-07	Visits/UCs	5.6
Neue Luzerner Zeitung	2017-08	CH PIs	90-94%
Neue Luzerner Zeitung	2017-08	CH Visits	85-89%
Neue Luzerner Zeitung	2017-08	PI/Visits	3.8
Neue Luzerner Zeitung	2017-08	Page Impressions	14625543
Neue Luzerner Zeitung	2017-08	Unique Clients	729000
Neue Luzerner Zeitung	2017-08	Nutzungsdauer	0:04:19
Neue Luzerner Zeitung	2017-08	Visits	3880203
Neue Luzerner Zeitung	2017-08	Visits/UCs	5.3
Neue Luzerner Zeitung	2017-09	CH PIs	90-94%
Neue Luzerner Zeitung	2017-09	CH Visits	85-89%
Neue Luzerner Zeitung	2017-09	PI/Visits	3.7
Neue Luzerner Zeitung	2017-09	Page Impressions	13282428
Neue Luzerner Zeitung	2017-09	Unique Clients	701000
Neue Luzerner Zeitung	2017-09	Nutzungsdauer	0:04:18
Neue Luzerner Zeitung	2017-09	Visits	3626525
Neue Luzerner Zeitung	2017-09	Visits/UCs	5.2
Neue Luzerner Zeitung	2017-10	CH PIs	85-89%
Neue Luzerner Zeitung	2017-10	CH Visits	85-89%
Neue Luzerner Zeitung	2017-10	PI/Visits	3.6
Neue Luzerner Zeitung	2017-10	Page Impressions	13696085
Neue Luzerner Zeitung	2017-10	Unique Clients	741000
Neue Luzerner Zeitung	2017-10	Nutzungsdauer	0:04:10
Neue Luzerner Zeitung	2017-10	Visits	3807960
Neue Luzerner Zeitung	2017-10	Visits/UCs	5.1
Neue Zürcher Zeitung	2016-10	CH PIs	70-74%
Neue Zürcher Zeitung	2016-10	CH Visits	60-64%
Neue Zürcher Zeitung	2016-10	PI/Visits	3.6
Neue Zürcher Zeitung	2016-10	Page Impressions	38490375
Neue Zürcher Zeitung	2016-10	Unique Clients	2268000
Neue Zürcher Zeitung	2016-10	Nutzungsdauer	0:05:02
Neue Zürcher Zeitung	2016-10	Visits	10602526
Neue Zürcher Zeitung	2016-10	Visits/UCs	4.7
Neue Zürcher Zeitung	2016-11	CH PIs	70-74%
Neue Zürcher Zeitung	2016-11	CH Visits	65-69%
Neue Zürcher Zeitung	2016-11	PI/Visits	3.6
Neue Zürcher Zeitung	2016-11	Page Impressions	42250517
Neue Zürcher Zeitung	2016-11	Unique Clients	2503000
Neue Zürcher Zeitung	2016-11	Nutzungsdauer	0:05:09
Neue Zürcher Zeitung	2016-11	Visits	11647138
Neue Zürcher Zeitung	2016-11	Visits/UCs	4.7
Neue Zürcher Zeitung	2016-12	CH PIs	70-74%
Neue Zürcher Zeitung	2016-12	CH Visits	60-64%
Neue Zürcher Zeitung	2016-12	PI/Visits	3.7
Neue Zürcher Zeitung	2016-12	Page Impressions	39410525
Neue Zürcher Zeitung	2016-12	Unique Clients	2289000
Neue Zürcher Zeitung	2016-12	Nutzungsdauer	0:04:54
Neue Zürcher Zeitung	2016-12	Visits	10699757
Neue Zürcher Zeitung	2016-12	Visits/UCs	4.7
Neue Zürcher Zeitung	2017-01	CH PIs	70-74%
Neue Zürcher Zeitung	2017-01	CH Visits	60-64%
Neue Zürcher Zeitung	2017-01	PI/Visits	3.7
Neue Zürcher Zeitung	2017-01	Page Impressions	43423125
Neue Zürcher Zeitung	2017-01	Unique Clients	2532000
Neue Zürcher Zeitung	2017-01	Nutzungsdauer	0:05:06
Neue Zürcher Zeitung	2017-01	Visits	11691889
Neue Zürcher Zeitung	2017-01	Visits/UCs	4.6
Neue Zürcher Zeitung	2017-02	CH PIs	70-74%
Neue Zürcher Zeitung	2017-02	CH Visits	60-64%
Neue Zürcher Zeitung	2017-02	PI/Visits	3.6
Neue Zürcher Zeitung	2017-02	Page Impressions	37184196
Neue Zürcher Zeitung	2017-02	Unique Clients	2307000
Neue Zürcher Zeitung	2017-02	Nutzungsdauer	0:05:09
Neue Zürcher Zeitung	2017-02	Visits	10398085
Neue Zürcher Zeitung	2017-02	Visits/UCs	4.5
Neue Zürcher Zeitung	2017-03	CH PIs	70-74%
Neue Zürcher Zeitung	2017-03	CH Visits	65-69%
Neue Zürcher Zeitung	2017-03	PI/Visits	3.6
Neue Zürcher Zeitung	2017-03	Page Impressions	41656919
Neue Zürcher Zeitung	2017-03	Unique Clients	2529000
Neue Zürcher Zeitung	2017-03	Nutzungsdauer	0:04:57
Neue Zürcher Zeitung	2017-03	Visits	11717462
Neue Zürcher Zeitung	2017-03	Visits/UCs	4.6
Neue Zürcher Zeitung	2017-04	CH PIs	65-69%
Neue Zürcher Zeitung	2017-04	CH Visits	55-59%
Neue Zürcher Zeitung	2017-04	PI/Visits	3.5
Neue Zürcher Zeitung	2017-04	Page Impressions	44260018
Neue Zürcher Zeitung	2017-04	Unique Clients	2649000
Neue Zürcher Zeitung	2017-04	Nutzungsdauer	0:04:31
Neue Zürcher Zeitung	2017-04	Visits	12639482
Neue Zürcher Zeitung	2017-04	Visits/UCs	4.8
Neue Zürcher Zeitung	2017-05	CH PIs	70-74%
Neue Zürcher Zeitung	2017-05	CH Visits	60-64%
Neue Zürcher Zeitung	2017-05	PI/Visits	3.6
Neue Zürcher Zeitung	2017-05	Page Impressions	46304420
Neue Zürcher Zeitung	2017-05	Unique Clients	2746000
Neue Zürcher Zeitung	2017-05	Nutzungsdauer	0:04:35
Neue Zürcher Zeitung	2017-05	Visits	13004495
Neue Zürcher Zeitung	2017-05	Visits/UCs	4.7
Neue Zürcher Zeitung	2017-06	CH PIs	65-69%
Neue Zürcher Zeitung	2017-06	CH Visits	60-64%
Neue Zürcher Zeitung	2017-06	PI/Visits	3.6
Neue Zürcher Zeitung	2017-06	Page Impressions	43097373
Neue Zürcher Zeitung	2017-06	Unique Clients	2610000
Neue Zürcher Zeitung	2017-06	Nutzungsdauer	0:04:35
Neue Zürcher Zeitung	2017-06	Visits	12048162
Neue Zürcher Zeitung	2017-06	Visits/UCs	4.6
Neue Zürcher Zeitung	2017-07	CH PIs	60-64%
Neue Zürcher Zeitung	2017-07	CH Visits	55-59%
Neue Zürcher Zeitung	2017-07	PI/Visits	3.7
Neue Zürcher Zeitung	2017-07	Page Impressions	45750374
Neue Zürcher Zeitung	2017-07	Unique Clients	2713000
Neue Zürcher Zeitung	2017-07	Nutzungsdauer	0:04:32
Neue Zürcher Zeitung	2017-07	Visits	12357507
Neue Zürcher Zeitung	2017-07	Visits/UCs	4.6
Neue Zürcher Zeitung	2017-08	CH PIs	65-69%
Neue Zürcher Zeitung	2017-08	CH Visits	60-64%
Neue Zürcher Zeitung	2017-08	PI/Visits	3.8
Neue Zürcher Zeitung	2017-08	Page Impressions	51151257
Neue Zürcher Zeitung	2017-08	Unique Clients	2889000
Neue Zürcher Zeitung	2017-08	Nutzungsdauer	0:04:32
Neue Zürcher Zeitung	2017-08	Visits	13309132
Neue Zürcher Zeitung	2017-08	Visits/UCs	4.6
Neue Zürcher Zeitung	2017-09	CH PIs	65-69%
Neue Zürcher Zeitung	2017-09	CH Visits	55-59%
Neue Zürcher Zeitung	2017-09	PI/Visits	3.9
Neue Zürcher Zeitung	2017-09	Page Impressions	53091709
Neue Zürcher Zeitung	2017-09	Unique Clients	2995000
Neue Zürcher Zeitung	2017-09	Nutzungsdauer	0:04:22
Neue Zürcher Zeitung	2017-09	Visits	13636233
Neue Zürcher Zeitung	2017-09	Visits/UCs	4.6
Neue Zürcher Zeitung	2017-10	CH PIs	65-69%
Neue Zürcher Zeitung	2017-10	CH Visits	55-59%
Neue Zürcher Zeitung	2017-10	PI/Visits	3.4
Neue Zürcher Zeitung	2017-10	Page Impressions	45844028
Neue Zürcher Zeitung	2017-10	Unique Clients	2978000
Neue Zürcher Zeitung	2017-10	Nutzungsdauer	0:04:27
Neue Zürcher Zeitung	2017-10	Visits	13401179
Neue Zürcher Zeitung	2017-10	Visits/UCs	4.5
Radio Pilatus	2016-10	CH PIs	90-94%
Radio Pilatus	2016-10	CH Visits	90-94%
Radio Pilatus	2016-10	PI/Visits	1.7
Radio Pilatus	2016-10	Page Impressions	464489
Radio Pilatus	2016-10	Unique Clients	117000
Radio Pilatus	2016-10	Nutzungsdauer	0:03:04
Radio Pilatus	2016-10	Visits	267979
Radio Pilatus	2016-10	Visits/UCs	2.3
Radio Pilatus	2016-11	CH PIs	90-94%
Radio Pilatus	2016-11	CH Visits	90-94%
Radio Pilatus	2016-11	PI/Visits	1.7
Radio Pilatus	2016-11	Page Impressions	506835
Radio Pilatus	2016-11	Unique Clients	128000
Radio Pilatus	2016-11	Nutzungsdauer	0:03:00
Radio Pilatus	2016-11	Visits	292077
Radio Pilatus	2016-11	Visits/UCs	2.3
Radio Pilatus	2016-12	CH PIs	90-94%
Radio Pilatus	2016-12	CH Visits	90-94%
Radio Pilatus	2016-12	PI/Visits	1.8
Radio Pilatus	2016-12	Page Impressions	449168
Radio Pilatus	2016-12	Unique Clients	107000
Radio Pilatus	2016-12	Nutzungsdauer	0:03:25
Radio Pilatus	2016-12	Visits	248586
Radio Pilatus	2016-12	Visits/UCs	2.3
Radio Pilatus	2017-01	CH PIs	90-94%
Radio Pilatus	2017-01	CH Visits	90-94%
Radio Pilatus	2017-01	PI/Visits	2.1
Radio Pilatus	2017-01	Page Impressions	812730
Radio Pilatus	2017-01	Unique Clients	152000
Radio Pilatus	2017-01	Nutzungsdauer	0:03:24
Radio Pilatus	2017-01	Visits	380992
Radio Pilatus	2017-01	Visits/UCs	2.5
Radio Pilatus	2017-02	CH PIs	90-94%
Radio Pilatus	2017-02	CH Visits	90-94%
Radio Pilatus	2017-02	PI/Visits	2.4
Radio Pilatus	2017-02	Page Impressions	964113
Radio Pilatus	2017-02	Unique Clients	153000
Radio Pilatus	2017-02	Nutzungsdauer	0:02:48
Radio Pilatus	2017-02	Visits	400900
Radio Pilatus	2017-02	Visits/UCs	2.6
Radio Pilatus	2017-03	CH PIs	90-94%
Radio Pilatus	2017-03	CH Visits	90-94%
Radio Pilatus	2017-03	PI/Visits	1.8
Radio Pilatus	2017-03	Page Impressions	723399
Radio Pilatus	2017-03	Unique Clients	153000
Radio Pilatus	2017-03	Nutzungsdauer	0:02:47
Radio Pilatus	2017-03	Visits	391338
Radio Pilatus	2017-03	Visits/UCs	2.6
Radio Pilatus	2017-04	CH PIs	90-94%
Radio Pilatus	2017-04	CH Visits	90-94%
Radio Pilatus	2017-04	PI/Visits	1.8
Radio Pilatus	2017-04	Page Impressions	505217
Radio Pilatus	2017-04	Unique Clients	117000
Radio Pilatus	2017-04	Nutzungsdauer	0:02:54
Radio Pilatus	2017-04	Visits	278538
Radio Pilatus	2017-04	Visits/UCs	2.4
Radio Pilatus	2017-05	CH PIs	90-94%
Radio Pilatus	2017-05	CH Visits	90-94%
Radio Pilatus	2017-05	PI/Visits	1.9
Radio Pilatus	2017-05	Page Impressions	725846
Radio Pilatus	2017-05	Unique Clients	156000
Radio Pilatus	2017-05	Nutzungsdauer	0:03:06
Radio Pilatus	2017-05	Visits	389584
Radio Pilatus	2017-05	Visits/UCs	2.5
Radio Pilatus	2017-06	CH PIs	90-94%
Radio Pilatus	2017-06	CH Visits	90-94%
Radio Pilatus	2017-06	PI/Visits	1.9
Radio Pilatus	2017-06	Page Impressions	660995
Radio Pilatus	2017-06	Unique Clients	149000
Radio Pilatus	2017-06	Nutzungsdauer	0:02:56
Radio Pilatus	2017-06	Visits	354410
Radio Pilatus	2017-06	Visits/UCs	2.4
Radio Pilatus	2017-07	CH PIs	90-94%
Radio Pilatus	2017-07	CH Visits	90-94%
Radio Pilatus	2017-07	PI/Visits	2.0
Radio Pilatus	2017-07	Page Impressions	736149
Radio Pilatus	2017-07	Unique Clients	151000
Radio Pilatus	2017-07	Nutzungsdauer	0:02:37
Radio Pilatus	2017-07	Visits	376915
Radio Pilatus	2017-07	Visits/UCs	2.5
Radio Pilatus	2017-08	CH PIs	90-94%
Radio Pilatus	2017-08	CH Visits	90-94%
Radio Pilatus	2017-08	PI/Visits	1.9
Radio Pilatus	2017-08	Page Impressions	552390
Radio Pilatus	2017-08	Unique Clients	118000
Radio Pilatus	2017-08	Nutzungsdauer	0:02:31
Radio Pilatus	2017-08	Visits	290637
Radio Pilatus	2017-08	Visits/UCs	2.5
Radio Pilatus	2017-09	CH PIs	90-94%
Radio Pilatus	2017-09	CH Visits	90-94%
Radio Pilatus	2017-09	PI/Visits	1.9
Radio Pilatus	2017-09	Page Impressions	602066
Radio Pilatus	2017-09	Unique Clients	121000
Radio Pilatus	2017-09	Nutzungsdauer	0:02:37
Radio Pilatus	2017-09	Visits	311440
Radio Pilatus	2017-09	Visits/UCs	2.6
Radio Pilatus	2017-10	CH PIs	90-94%
Radio Pilatus	2017-10	CH Visits	90-94%
Radio Pilatus	2017-10	PI/Visits	2.3
Radio Pilatus	2017-10	Page Impressions	723818
Radio Pilatus	2017-10	Unique Clients	130000
Radio Pilatus	2017-10	Nutzungsdauer	0:02:34
Radio Pilatus	2017-10	Visits	315211
Radio Pilatus	2017-10	Visits/UCs	2.4
srf	2016-10	CH PIs	90-94%
srf	2016-10	CH Visits	85-89%
srf	2016-10	PI/Visits	4.0
srf	2016-10	Page Impressions	139202454
srf	2016-10	Unique Clients	4466000
srf	2016-10	Nutzungsdauer	0:07:07
srf	2016-10	Visits	35187260
srf	2016-10	Visits/UCs	7.9
srf	2016-11	CH PIs	90-94%
srf	2016-11	CH Visits	90-94%
srf	2016-11	PI/Visits	4.0
srf	2016-11	Page Impressions	139282867
srf	2016-11	Unique Clients	4485000
srf	2016-11	Nutzungsdauer	0:07:06
srf	2016-11	Visits	34661309
srf	2016-11	Visits/UCs	7.7
srf	2016-12	CH PIs	90-94%
srf	2016-12	CH Visits	90-94%
srf	2016-12	PI/Visits	3.8
srf	2016-12	Page Impressions	114709057
srf	2016-12	Unique Clients	4245000
srf	2016-12	Nutzungsdauer	0:06:17
srf	2016-12	Visits	29908017
srf	2016-12	Visits/UCs	7.0
srf	2017-01	CH PIs	90-94%
srf	2017-01	CH Visits	90-94%
srf	2017-01	PI/Visits	4.2
srf	2017-01	Page Impressions	158283472
srf	2017-01	Unique Clients	4700000
srf	2017-01	Nutzungsdauer	0:06:10
srf	2017-01	Visits	37706570
srf	2017-01	Visits/UCs	8.0
srf	2017-02	CH PIs	90-94%
srf	2017-02	CH Visits	90-94%
srf	2017-02	PI/Visits	4.1
srf	2017-02	Page Impressions	143219809
srf	2017-02	Unique Clients	4718000
srf	2017-02	Nutzungsdauer	0:06:01
srf	2017-02	Visits	34786777
srf	2017-02	Visits/UCs	7.4
srf	2017-03	CH PIs	90-94%
srf	2017-03	CH Visits	90-94%
srf	2017-03	PI/Visits	4.1
srf	2017-03	Page Impressions	148284337
srf	2017-03	Unique Clients	4743000
srf	2017-03	Nutzungsdauer	0:05:51
srf	2017-03	Visits	36347897
srf	2017-03	Visits/UCs	7.7
srf	2017-04	CH PIs	90-94%
srf	2017-04	CH Visits	85-89%
srf	2017-04	PI/Visits	4.0
srf	2017-04	Page Impressions	146138210
srf	2017-04	Unique Clients	4852000
srf	2017-04	Nutzungsdauer	0:05:28
srf	2017-04	Visits	36417278
srf	2017-04	Visits/UCs	7.5
srf	2017-05	CH PIs	90-94%
srf	2017-05	CH Visits	90-94%
srf	2017-05	PI/Visits	3.9
srf	2017-05	Page Impressions	155148860
srf	2017-05	Unique Clients	4814000
srf	2017-05	Nutzungsdauer	0:05:25
srf	2017-05	Visits	39465291
srf	2017-05	Visits/UCs	8.2
srf	2017-06	CH PIs	90-94%
srf	2017-06	CH Visits	90-94%
srf	2017-06	PI/Visits	3.9
srf	2017-06	Page Impressions	160164775
srf	2017-06	Unique Clients	4911000
srf	2017-06	Nutzungsdauer	0:05:01
srf	2017-06	Visits	40761681
srf	2017-06	Visits/UCs	8.3
srf	2017-07	CH PIs	90-94%
srf	2017-07	CH Visits	85-89%
srf	2017-07	PI/Visits	4.1
srf	2017-07	Page Impressions	177890434
srf	2017-07	Unique Clients	4923000
srf	2017-07	Nutzungsdauer	0:05:18
srf	2017-07	Visits	43396725
srf	2017-07	Visits/UCs	8.8
srf	2017-08	CH PIs	90-94%
srf	2017-08	CH Visits	90-94%
srf	2017-08	PI/Visits	4.1
srf	2017-08	Page Impressions	180496650
srf	2017-08	Unique Clients	5086000
srf	2017-08	Nutzungsdauer	0:05:24
srf	2017-08	Visits	44187177
srf	2017-08	Visits/UCs	8.7
srf	2017-09	CH PIs	90-94%
srf	2017-09	CH Visits	90-94%
srf	2017-09	PI/Visits	3.9
srf	2017-09	Page Impressions	157026002
srf	2017-09	Unique Clients	4930000
srf	2017-09	Nutzungsdauer	0:05:38
srf	2017-09	Visits	39807728
srf	2017-09	Visits/UCs	8.1
srf	2017-10	CH PIs	90-94%
srf	2017-10	CH Visits	85-89%
srf	2017-10	PI/Visits	3.9
srf	2017-10	Page Impressions	142829572
srf	2017-10	Unique Clients	4675000
srf	2017-10	Nutzungsdauer	0:05:43
srf	2017-10	Visits	37075332
srf	2017-10	Visits/UCs	7.9
St. Galler Tagblatt	2016-10	CH PIs	85-89%
St. Galler Tagblatt	2016-10	CH Visits	85-89%
St. Galler Tagblatt	2016-10	PI/Visits	4.6
St. Galler Tagblatt	2016-10	Page Impressions	9732771
St. Galler Tagblatt	2016-10	Unique Clients	531000
St. Galler Tagblatt	2016-10	Nutzungsdauer	0:04:27
St. Galler Tagblatt	2016-10	Visits	2102804
St. Galler Tagblatt	2016-10	Visits/UCs	4.0
St. Galler Tagblatt	2016-11	CH PIs	90-94%
St. Galler Tagblatt	2016-11	CH Visits	85-89%
St. Galler Tagblatt	2016-11	PI/Visits	4.5
St. Galler Tagblatt	2016-11	Page Impressions	9480639
St. Galler Tagblatt	2016-11	Unique Clients	545000
St. Galler Tagblatt	2016-11	Nutzungsdauer	0:04:23
St. Galler Tagblatt	2016-11	Visits	2123148
St. Galler Tagblatt	2016-11	Visits/UCs	3.9
St. Galler Tagblatt	2016-12	CH PIs	85-89%
St. Galler Tagblatt	2016-12	CH Visits	85-89%
St. Galler Tagblatt	2016-12	PI/Visits	4.4
St. Galler Tagblatt	2016-12	Page Impressions	8657806
St. Galler Tagblatt	2016-12	Unique Clients	493000
St. Galler Tagblatt	2016-12	Nutzungsdauer	0:04:16
St. Galler Tagblatt	2016-12	Visits	1952567
St. Galler Tagblatt	2016-12	Visits/UCs	4.0
St. Galler Tagblatt	2017-01	CH PIs	85-89%
St. Galler Tagblatt	2017-01	CH Visits	85-89%
St. Galler Tagblatt	2017-01	PI/Visits	4.5
St. Galler Tagblatt	2017-01	Page Impressions	10248559
St. Galler Tagblatt	2017-01	Unique Clients	576000
St. Galler Tagblatt	2017-01	Nutzungsdauer	0:04:32
St. Galler Tagblatt	2017-01	Visits	2277970
St. Galler Tagblatt	2017-01	Visits/UCs	4.0
St. Galler Tagblatt	2017-02	CH PIs	90-94%
St. Galler Tagblatt	2017-02	CH Visits	85-89%
St. Galler Tagblatt	2017-02	PI/Visits	4.4
St. Galler Tagblatt	2017-02	Page Impressions	9566604
St. Galler Tagblatt	2017-02	Unique Clients	548000
St. Galler Tagblatt	2017-02	Nutzungsdauer	0:04:33
St. Galler Tagblatt	2017-02	Visits	2178894
St. Galler Tagblatt	2017-02	Visits/UCs	4.0
St. Galler Tagblatt	2017-03	CH PIs	90-94%
St. Galler Tagblatt	2017-03	CH Visits	85-89%
St. Galler Tagblatt	2017-03	PI/Visits	4.2
St. Galler Tagblatt	2017-03	Page Impressions	9970501
St. Galler Tagblatt	2017-03	Unique Clients	580000
St. Galler Tagblatt	2017-03	Nutzungsdauer	0:04:26
St. Galler Tagblatt	2017-03	Visits	2346506
St. Galler Tagblatt	2017-03	Visits/UCs	4.0
St. Galler Tagblatt	2017-04	CH PIs	85-89%
St. Galler Tagblatt	2017-04	CH Visits	85-89%
St. Galler Tagblatt	2017-04	PI/Visits	4.7
St. Galler Tagblatt	2017-04	Page Impressions	10109537
St. Galler Tagblatt	2017-04	Unique Clients	538000
St. Galler Tagblatt	2017-04	Nutzungsdauer	0:04:24
St. Galler Tagblatt	2017-04	Visits	2140176
St. Galler Tagblatt	2017-04	Visits/UCs	4.0
St. Galler Tagblatt	2017-05	CH PIs	90-94%
St. Galler Tagblatt	2017-05	CH Visits	85-89%
St. Galler Tagblatt	2017-05	PI/Visits	5.0
St. Galler Tagblatt	2017-05	Page Impressions	12681282
St. Galler Tagblatt	2017-05	Unique Clients	605000
St. Galler Tagblatt	2017-05	Nutzungsdauer	0:04:17
St. Galler Tagblatt	2017-05	Visits	2515912
St. Galler Tagblatt	2017-05	Visits/UCs	4.2
St. Galler Tagblatt	2017-06	CH PIs	90-94%
St. Galler Tagblatt	2017-06	CH Visits	85-89%
St. Galler Tagblatt	2017-06	PI/Visits	5.2
St. Galler Tagblatt	2017-06	Page Impressions	12773990
St. Galler Tagblatt	2017-06	Unique Clients	578000
St. Galler Tagblatt	2017-06	Nutzungsdauer	0:04:12
St. Galler Tagblatt	2017-06	Visits	2445400
St. Galler Tagblatt	2017-06	Visits/UCs	4.2
St. Galler Tagblatt	2017-07	CH PIs	85-89%
St. Galler Tagblatt	2017-07	CH Visits	80-84%
St. Galler Tagblatt	2017-07	PI/Visits	5.6
St. Galler Tagblatt	2017-07	Page Impressions	13625493
St. Galler Tagblatt	2017-07	Unique Clients	598000
St. Galler Tagblatt	2017-07	Nutzungsdauer	0:04:03
St. Galler Tagblatt	2017-07	Visits	2443824
St. Galler Tagblatt	2017-07	Visits/UCs	4.1
St. Galler Tagblatt	2017-08	CH PIs	85-89%
St. Galler Tagblatt	2017-08	CH Visits	85-89%
St. Galler Tagblatt	2017-08	PI/Visits	5.1
St. Galler Tagblatt	2017-08	Page Impressions	13982947
St. Galler Tagblatt	2017-08	Unique Clients	672000
St. Galler Tagblatt	2017-08	Nutzungsdauer	0:04:10
St. Galler Tagblatt	2017-08	Visits	2751411
St. Galler Tagblatt	2017-08	Visits/UCs	4.1
St. Galler Tagblatt	2017-09	CH PIs	85-89%
St. Galler Tagblatt	2017-09	CH Visits	85-89%
St. Galler Tagblatt	2017-09	PI/Visits	5.3
St. Galler Tagblatt	2017-09	Page Impressions	13792132
St. Galler Tagblatt	2017-09	Unique Clients	633000
St. Galler Tagblatt	2017-09	Nutzungsdauer	0:04:16
St. Galler Tagblatt	2017-09	Visits	2621369
St. Galler Tagblatt	2017-09	Visits/UCs	4.1
St. Galler Tagblatt	2017-10	CH PIs	85-89%
St. Galler Tagblatt	2017-10	CH Visits	85-89%
St. Galler Tagblatt	2017-10	PI/Visits	5.2
St. Galler Tagblatt	2017-10	Page Impressions	13552590
St. Galler Tagblatt	2017-10	Unique Clients	667000
St. Galler Tagblatt	2017-10	Nutzungsdauer	0:04:05
St. Galler Tagblatt	2017-10	Visits	2585492
St. Galler Tagblatt	2017-10	Visits/UCs	3.9
Tagesanzeiger	2016-10	CH PIs	80-84%
Tagesanzeiger	2016-10	CH Visits	80-84%
Tagesanzeiger	2016-10	PI/Visits	4.7
Tagesanzeiger	2016-10	Page Impressions	78483498
Tagesanzeiger	2016-10	Unique Clients	2199000
Tagesanzeiger	2016-10	Nutzungsdauer	0:09:46
Tagesanzeiger	2016-10	Visits	16811803
Tagesanzeiger	2016-10	Visits/UCs	7.6
Tagesanzeiger	2016-11	CH PIs	85-89%
Tagesanzeiger	2016-11	CH Visits	80-84%
Tagesanzeiger	2016-11	PI/Visits	4.6
Tagesanzeiger	2016-11	Page Impressions	81053487
Tagesanzeiger	2016-11	Unique Clients	2643000
Tagesanzeiger	2016-11	Nutzungsdauer	0:06:42
Tagesanzeiger	2016-11	Visits	17446819
Tagesanzeiger	2016-11	Visits/UCs	6.6
Tagesanzeiger	2016-12	CH PIs	85-89%
Tagesanzeiger	2016-12	CH Visits	80-84%
Tagesanzeiger	2016-12	PI/Visits	4.8
Tagesanzeiger	2016-12	Page Impressions	78614710
Tagesanzeiger	2016-12	Unique Clients	2418000
Tagesanzeiger	2016-12	Nutzungsdauer	0:05:51
Tagesanzeiger	2016-12	Visits	16230843
Tagesanzeiger	2016-12	Visits/UCs	6.7
Tagesanzeiger	2017-01	CH PIs	85-89%
Tagesanzeiger	2017-01	CH Visits	80-84%
Tagesanzeiger	2017-01	PI/Visits	5.3
Tagesanzeiger	2017-01	Page Impressions	90488235
Tagesanzeiger	2017-01	Unique Clients	2528000
Tagesanzeiger	2017-01	Nutzungsdauer	0:05:59
Tagesanzeiger	2017-01	Visits	17038855
Tagesanzeiger	2017-01	Visits/UCs	6.7
Tagesanzeiger	2017-02	CH PIs	85-89%
Tagesanzeiger	2017-02	CH Visits	80-84%
Tagesanzeiger	2017-02	PI/Visits	5.0
Tagesanzeiger	2017-02	Page Impressions	76587364
Tagesanzeiger	2017-02	Unique Clients	2297000
Tagesanzeiger	2017-02	Nutzungsdauer	0:06:05
Tagesanzeiger	2017-02	Visits	15292439
Tagesanzeiger	2017-02	Visits/UCs	6.7
Tagesanzeiger	2017-03	CH PIs	85-89%
Tagesanzeiger	2017-03	CH Visits	80-84%
Tagesanzeiger	2017-03	PI/Visits	4.9
Tagesanzeiger	2017-03	Page Impressions	80165692
Tagesanzeiger	2017-03	Unique Clients	2518000
Tagesanzeiger	2017-03	Nutzungsdauer	0:05:54
Tagesanzeiger	2017-03	Visits	16409604
Tagesanzeiger	2017-03	Visits/UCs	6.5
Tagesanzeiger	2017-04	CH PIs	80-84%
Tagesanzeiger	2017-04	CH Visits	80-84%
Tagesanzeiger	2017-04	PI/Visits	4.8
Tagesanzeiger	2017-04	Page Impressions	70982034
Tagesanzeiger	2017-04	Unique Clients	2206000
Tagesanzeiger	2017-04	Nutzungsdauer	0:05:53
Tagesanzeiger	2017-04	Visits	14907254
Tagesanzeiger	2017-04	Visits/UCs	6.8
Tagesanzeiger	2017-05	CH PIs	85-89%
Tagesanzeiger	2017-05	CH Visits	80-84%
Tagesanzeiger	2017-05	PI/Visits	5.1
Tagesanzeiger	2017-05	Page Impressions	82008379
Tagesanzeiger	2017-05	Unique Clients	2322000
Tagesanzeiger	2017-05	Nutzungsdauer	0:05:58
Tagesanzeiger	2017-05	Visits	16080967
Tagesanzeiger	2017-05	Visits/UCs	6.9
Tagesanzeiger	2017-06	CH PIs	85-89%
Tagesanzeiger	2017-06	CH Visits	80-84%
Tagesanzeiger	2017-06	PI/Visits	5.0
Tagesanzeiger	2017-06	Page Impressions	74693600
Tagesanzeiger	2017-06	Unique Clients	2289000
Tagesanzeiger	2017-06	Nutzungsdauer	0:05:54
Tagesanzeiger	2017-06	Visits	14988764
Tagesanzeiger	2017-06	Visits/UCs	6.5
Tagesanzeiger	2017-07	CH PIs	80-84%
Tagesanzeiger	2017-07	CH Visits	80-84%
Tagesanzeiger	2017-07	PI/Visits	5.3
Tagesanzeiger	2017-07	Page Impressions	76579288
Tagesanzeiger	2017-07	Unique Clients	2189000
Tagesanzeiger	2017-07	Nutzungsdauer	0:06:02
Tagesanzeiger	2017-07	Visits	14388634
Tagesanzeiger	2017-07	Visits/UCs	6.6
Tagesanzeiger	2017-08	CH PIs	80-84%
Tagesanzeiger	2017-08	CH Visits	80-84%
Tagesanzeiger	2017-08	PI/Visits	5.4
Tagesanzeiger	2017-08	Page Impressions	79991298
Tagesanzeiger	2017-08	Unique Clients	2180000
Tagesanzeiger	2017-08	Nutzungsdauer	0:06:05
Tagesanzeiger	2017-08	Visits	14708073
Tagesanzeiger	2017-08	Visits/UCs	6.7
Tagesanzeiger	2017-09	CH PIs	85-89%
Tagesanzeiger	2017-09	CH Visits	80-84%
Tagesanzeiger	2017-09	PI/Visits	4.9
Tagesanzeiger	2017-09	Page Impressions	67562936
Tagesanzeiger	2017-09	Unique Clients	2125000
Tagesanzeiger	2017-09	Nutzungsdauer	0:06:11
Tagesanzeiger	2017-09	Visits	13752604
Tagesanzeiger	2017-09	Visits/UCs	6.5
Tagesanzeiger	2017-10	CH PIs	80-84%
Tagesanzeiger	2017-10	CH Visits	80-84%
Tagesanzeiger	2017-10	PI/Visits	4.7
Tagesanzeiger	2017-10	Page Impressions	62772575
Tagesanzeiger	2017-10	Unique Clients	2056000
Tagesanzeiger	2017-10	Nutzungsdauer	0:06:11
Tagesanzeiger	2017-10	Visits	13410588
Tagesanzeiger	2017-10	Visits/UCs	6.5
Tageswoche	2016-10	CH PIs	85-89%
Tageswoche	2016-10	CH Visits	85-89%
Tageswoche	2016-10	PI/Visits	2.1
Tageswoche	2016-10	Page Impressions	1971589
Tageswoche	2016-10	Unique Clients	302000
Tageswoche	2016-10	Nutzungsdauer	0:04:36
Tageswoche	2016-10	Visits	919681
Tageswoche	2016-10	Visits/UCs	3.0
Tageswoche	2016-11	CH PIs	85-89%
Tageswoche	2016-11	CH Visits	85-89%
Tageswoche	2016-11	PI/Visits	2.4
Tageswoche	2016-11	Page Impressions	1719471
Tageswoche	2016-11	Unique Clients	229000
Tageswoche	2016-11	Nutzungsdauer	0:04:44
Tageswoche	2016-11	Visits	712878
Tageswoche	2016-11	Visits/UCs	3.1
Tageswoche	2016-12	CH PIs	85-89%
Tageswoche	2016-12	CH Visits	85-89%
Tageswoche	2016-12	PI/Visits	2.2
Tageswoche	2016-12	Page Impressions	1646109
Tageswoche	2016-12	Unique Clients	238000
Tageswoche	2016-12	Nutzungsdauer	0:04:32
Tageswoche	2016-12	Visits	748077
Tageswoche	2016-12	Visits/UCs	3.1
Tageswoche	2017-01	CH PIs	85-89%
Tageswoche	2017-01	CH Visits	85-89%
Tageswoche	2017-01	PI/Visits	2.3
Tageswoche	2017-01	Page Impressions	1715445
Tageswoche	2017-01	Unique Clients	242000
Tageswoche	2017-01	Nutzungsdauer	0:04:19
Tageswoche	2017-01	Visits	738449
Tageswoche	2017-01	Visits/UCs	3.1
Tageswoche	2017-02	CH PIs	85-89%
Tageswoche	2017-02	CH Visits	85-89%
Tageswoche	2017-02	PI/Visits	2.3
Tageswoche	2017-02	Page Impressions	1520719
Tageswoche	2017-02	Unique Clients	215000
Tageswoche	2017-02	Nutzungsdauer	0:04:36
Tageswoche	2017-02	Visits	661664
Tageswoche	2017-02	Visits/UCs	3.1
Tageswoche	2017-03	CH PIs	85-89%
Tageswoche	2017-03	CH Visits	85-89%
Tageswoche	2017-03	PI/Visits	2.3
Tageswoche	2017-03	Page Impressions	1654048
Tageswoche	2017-03	Unique Clients	224000
Tageswoche	2017-03	Nutzungsdauer	0:04:29
Tageswoche	2017-03	Visits	714762
Tageswoche	2017-03	Visits/UCs	3.2
Tageswoche	2017-04	CH PIs	85-89%
Tageswoche	2017-04	CH Visits	80-84%
Tageswoche	2017-04	PI/Visits	2.3
Tageswoche	2017-04	Page Impressions	1666014
Tageswoche	2017-04	Unique Clients	223000
Tageswoche	2017-04	Nutzungsdauer	0:04:32
Tageswoche	2017-04	Visits	719887
Tageswoche	2017-04	Visits/UCs	3.2
Tageswoche	2017-05	CH PIs	85-89%
Tageswoche	2017-05	CH Visits	85-89%
Tageswoche	2017-05	PI/Visits	2.4
Tageswoche	2017-05	Page Impressions	1587489
Tageswoche	2017-05	Unique Clients	199000
Tageswoche	2017-05	Nutzungsdauer	0:04:27
Tageswoche	2017-05	Visits	666528
Tageswoche	2017-05	Visits/UCs	3.3
Tageswoche	2017-06	CH PIs	85-89%
Tageswoche	2017-06	CH Visits	85-89%
Tageswoche	2017-06	PI/Visits	2.3
Tageswoche	2017-06	Page Impressions	1590145
Tageswoche	2017-06	Unique Clients	218000
Tageswoche	2017-06	Nutzungsdauer	0:04:11
Tageswoche	2017-06	Visits	690207
Tageswoche	2017-06	Visits/UCs	3.2
Tageswoche	2017-07	CH PIs	85-89%
Tageswoche	2017-07	CH Visits	80-84%
Tageswoche	2017-07	PI/Visits	2.1
Tageswoche	2017-07	Page Impressions	1151146
Tageswoche	2017-07	Unique Clients	203000
Tageswoche	2017-07	Nutzungsdauer	0:04:15
Tageswoche	2017-07	Visits	559218
Tageswoche	2017-07	Visits/UCs	2.8
Tageswoche	2017-08	CH PIs	85-89%
Tageswoche	2017-08	CH Visits	85-89%
Tageswoche	2017-08	PI/Visits	2.0
Tageswoche	2017-08	Page Impressions	1118017
Tageswoche	2017-08	Unique Clients	193000
Tageswoche	2017-08	Nutzungsdauer	0:04:24
Tageswoche	2017-08	Visits	553532
Tageswoche	2017-08	Visits/UCs	2.9
Tageswoche	2017-09	CH PIs	85-89%
Tageswoche	2017-09	CH Visits	85-89%
Tageswoche	2017-09	PI/Visits	2.1
Tageswoche	2017-09	Page Impressions	1082430
Tageswoche	2017-09	Unique Clients	179000
Tageswoche	2017-09	Nutzungsdauer	0:04:38
Tageswoche	2017-09	Visits	524470
Tageswoche	2017-09	Visits/UCs	2.9
Tageswoche	2017-10	CH PIs	85-89%
Tageswoche	2017-10	CH Visits	85-89%
Tageswoche	2017-10	PI/Visits	2.0
Tageswoche	2017-10	Page Impressions	1135941
Tageswoche	2017-10	Unique Clients	202000
Tageswoche	2017-10	Nutzungsdauer	0:04:33
Tageswoche	2017-10	Visits	567456
Tageswoche	2017-10	Visits/UCs	2.8
Watson	2016-10	CH PIs	85-89%
Watson	2016-10	CH Visits	80-84%
Watson	2016-10	PI/Visits	10.0
Watson	2016-10	Page Impressions	85206963
Watson	2016-10	Unique Clients	1159000
Watson	2016-10	Nutzungsdauer	0:05:58
Watson	2016-10	Visits	8542951
Watson	2016-10	Visits/UCs	7.4
Watson	2016-11	CH PIs	85-89%
Watson	2016-11	CH Visits	80-84%
Watson	2016-11	PI/Visits	9.6
Watson	2016-11	Page Impressions	82744081
Watson	2016-11	Unique Clients	1154000
Watson	2016-11	Nutzungsdauer	0:05:52
Watson	2016-11	Visits	8661424
Watson	2016-11	Visits/UCs	7.5
Watson	2016-12	CH PIs	85-89%
Watson	2016-12	CH Visits	80-84%
Watson	2016-12	PI/Visits	9.1
Watson	2016-12	Page Impressions	76118116
Watson	2016-12	Unique Clients	1162000
Watson	2016-12	Nutzungsdauer	0:05:36
Watson	2016-12	Visits	8388922
Watson	2016-12	Visits/UCs	7.2
Watson	2017-01	CH PIs	85-89%
Watson	2017-01	CH Visits	80-84%
Watson	2017-01	PI/Visits	10.1
Watson	2017-01	Page Impressions	90338460
Watson	2017-01	Unique Clients	1291000
Watson	2017-01	Nutzungsdauer	0:06:02
Watson	2017-01	Visits	8940707
Watson	2017-01	Visits/UCs	6.9
Watson	2017-02	CH PIs	85-89%
Watson	2017-02	CH Visits	80-84%
Watson	2017-02	PI/Visits	9.5
Watson	2017-02	Page Impressions	82574886
Watson	2017-02	Unique Clients	1283000
Watson	2017-02	Nutzungsdauer	0:06:10
Watson	2017-02	Visits	8695658
Watson	2017-02	Visits/UCs	6.8
Watson	2017-03	CH PIs	85-89%
Watson	2017-03	CH Visits	80-84%
Watson	2017-03	PI/Visits	9.7
Watson	2017-03	Page Impressions	97685892
Watson	2017-03	Unique Clients	1438000
Watson	2017-03	Nutzungsdauer	0:06:00
Watson	2017-03	Visits	10027411
Watson	2017-03	Visits/UCs	7.0
Watson	2017-04	CH PIs	85-89%
Watson	2017-04	CH Visits	80-84%
Watson	2017-04	PI/Visits	9.3
Watson	2017-04	Page Impressions	86425166
Watson	2017-04	Unique Clients	1245000
Watson	2017-04	Nutzungsdauer	0:06:02
Watson	2017-04	Visits	9259031
Watson	2017-04	Visits/UCs	7.4
Watson	2017-05	CH PIs	85-89%
Watson	2017-05	CH Visits	85-89%
Watson	2017-05	PI/Visits	8.9
Watson	2017-05	Page Impressions	88642126
Watson	2017-05	Unique Clients	1316000
Watson	2017-05	Nutzungsdauer	0:06:06
Watson	2017-05	Visits	9938211
Watson	2017-05	Visits/UCs	7.6
Watson	2017-06	CH PIs	85-89%
Watson	2017-06	CH Visits	85-89%
Watson	2017-06	PI/Visits	9.1
Watson	2017-06	Page Impressions	83458937
Watson	2017-06	Unique Clients	1200000
Watson	2017-06	Nutzungsdauer	0:06:06
Watson	2017-06	Visits	9173835
Watson	2017-06	Visits/UCs	7.6
Watson	2017-07	CH PIs	85-89%
Watson	2017-07	CH Visits	80-84%
Watson	2017-07	PI/Visits	8.6
Watson	2017-07	Page Impressions	80816456
Watson	2017-07	Unique Clients	1261000
Watson	2017-07	Nutzungsdauer	0:05:57
Watson	2017-07	Visits	9397110
Watson	2017-07	Visits/UCs	7.5
Watson	2017-08	CH PIs	85-89%
Watson	2017-08	CH Visits	80-84%
Watson	2017-08	PI/Visits	8.4
Watson	2017-08	Page Impressions	82158491
Watson	2017-08	Unique Clients	1318000
Watson	2017-08	Nutzungsdauer	0:06:05
Watson	2017-08	Visits	9799872
Watson	2017-08	Visits/UCs	7.4
Watson	2017-09	CH PIs	85-89%
Watson	2017-09	CH Visits	85-89%
Watson	2017-09	PI/Visits	7.8
Watson	2017-09	Page Impressions	75237241
Watson	2017-09	Unique Clients	1310000
Watson	2017-09	Nutzungsdauer	0:06:03
Watson	2017-09	Visits	9591057
Watson	2017-09	Visits/UCs	7.3
Watson	2017-10	CH PIs	85-89%
Watson	2017-10	CH Visits	85-89%
Watson	2017-10	PI/Visits	7.6
Watson	2017-10	Page Impressions	74727747
Watson	2017-10	Unique Clients	1326000
Watson	2017-10	Nutzungsdauer	0:06:02
Watson	2017-10	Visits	9832473
Watson	2017-10	Visits/UCs	7.4
ZSZ	2016-10	CH PIs	85-89%
ZSZ	2016-10	CH Visits	80-84%
ZSZ	2016-10	PI/Visits	2.6
ZSZ	2016-10	Page Impressions	375997
ZSZ	2016-10	Unique Clients	64000
ZSZ	2016-10	Nutzungsdauer	0:03:16
ZSZ	2016-10	Visits	142827
ZSZ	2016-10	Visits/UCs	2.2
ZSZ	2016-11	CH PIs	85-89%
ZSZ	2016-11	CH Visits	80-84%
ZSZ	2016-11	PI/Visits	2.6
ZSZ	2016-11	Page Impressions	416851
ZSZ	2016-11	Unique Clients	74000
ZSZ	2016-11	Nutzungsdauer	0:03:16
ZSZ	2016-11	Visits	161316
ZSZ	2016-11	Visits/UCs	2.2
ZSZ	2016-12	CH PIs	85-89%
ZSZ	2016-12	CH Visits	80-84%
ZSZ	2016-12	PI/Visits	2.5
ZSZ	2016-12	Page Impressions	379144
ZSZ	2016-12	Unique Clients	68000
ZSZ	2016-12	Nutzungsdauer	0:03:04
ZSZ	2016-12	Visits	152938
ZSZ	2016-12	Visits/UCs	2.2
ZSZ	2017-01	CH PIs	80-84%
ZSZ	2017-01	CH Visits	80-84%
ZSZ	2017-01	PI/Visits	2.6
ZSZ	2017-01	Page Impressions	416640
ZSZ	2017-01	Unique Clients	74000
ZSZ	2017-01	Nutzungsdauer	0:02:50
ZSZ	2017-01	Visits	163349
ZSZ	2017-01	Visits/UCs	2.2
ZSZ	2017-02	CH PIs	85-89%
ZSZ	2017-02	CH Visits	80-84%
ZSZ	2017-02	PI/Visits	2.6
ZSZ	2017-02	Page Impressions	409613
ZSZ	2017-02	Unique Clients	74000
ZSZ	2017-02	Nutzungsdauer	0:03:00
ZSZ	2017-02	Visits	159689
ZSZ	2017-02	Visits/UCs	2.2
ZSZ	2017-03	CH PIs	85-89%
ZSZ	2017-03	CH Visits	85-89%
ZSZ	2017-03	PI/Visits	2.8
ZSZ	2017-03	Page Impressions	481617
ZSZ	2017-03	Unique Clients	79000
ZSZ	2017-03	Nutzungsdauer	0:02:54
ZSZ	2017-03	Visits	171614
ZSZ	2017-03	Visits/UCs	2.2
ZSZ	2017-04	CH PIs	85-89%
ZSZ	2017-04	CH Visits	85-89%
ZSZ	2017-04	PI/Visits	3.5
ZSZ	2017-04	Page Impressions	635727
ZSZ	2017-04	Unique Clients	75000
ZSZ	2017-04	Nutzungsdauer	0:03:27
ZSZ	2017-04	Visits	181665
ZSZ	2017-04	Visits/UCs	2.4
ZSZ	2017-05	CH PIs	85-89%
ZSZ	2017-05	CH Visits	85-89%
ZSZ	2017-05	PI/Visits	3.5
ZSZ	2017-05	Page Impressions	738339
ZSZ	2017-05	Unique Clients	87000
ZSZ	2017-05	Nutzungsdauer	0:03:06
ZSZ	2017-05	Visits	212162
ZSZ	2017-05	Visits/UCs	2.4
ZSZ	2017-06	CH PIs	85-89%
ZSZ	2017-06	CH Visits	85-89%
ZSZ	2017-06	PI/Visits	3.1
ZSZ	2017-06	Page Impressions	557920
ZSZ	2017-06	Unique Clients	72000
ZSZ	2017-06	Nutzungsdauer	0:03:21
ZSZ	2017-06	Visits	182472
ZSZ	2017-06	Visits/UCs	2.5
ZSZ	2017-07	CH PIs	85-89%
ZSZ	2017-07	CH Visits	85-89%
ZSZ	2017-07	PI/Visits	3.3
ZSZ	2017-07	Page Impressions	630169
ZSZ	2017-07	Unique Clients	80000
ZSZ	2017-07	Nutzungsdauer	0:03:17
ZSZ	2017-07	Visits	192201
ZSZ	2017-07	Visits/UCs	2.4
ZSZ	2017-08	CH PIs	85-89%
ZSZ	2017-08	CH Visits	85-89%
ZSZ	2017-08	PI/Visits	3.3
ZSZ	2017-08	Page Impressions	646298
ZSZ	2017-08	Unique Clients	86000
ZSZ	2017-08	Nutzungsdauer	0:03:10
ZSZ	2017-08	Visits	197886
ZSZ	2017-08	Visits/UCs	2.3
ZSZ	2017-09	CH PIs	85-89%
ZSZ	2017-09	CH Visits	85-89%
ZSZ	2017-09	PI/Visits	3.3
ZSZ	2017-09	Page Impressions	610963
ZSZ	2017-09	Unique Clients	78000
ZSZ	2017-09	Nutzungsdauer	0:03:16
ZSZ	2017-09	Visits	185593
ZSZ	2017-09	Visits/UCs	2.4
ZSZ	2017-10	CH PIs	85-89%
ZSZ	2017-10	CH Visits	85-89%
ZSZ	2017-10	PI/Visits	3.1
ZSZ	2017-10	Page Impressions	567789
ZSZ	2017-10	Unique Clients	77000
ZSZ	2017-10	Nutzungsdauer	0:03:12
ZSZ	2017-10	Visits	184666
ZSZ	2017-10	Visits/UCs	2.4
Zuonline	2016-10	CH PIs	80-84%
Zuonline	2016-10	CH Visits	75-79%
Zuonline	2016-10	PI/Visits	2.2
Zuonline	2016-10	Page Impressions	222607
Zuonline	2016-10	Unique Clients	53000
Zuonline	2016-10	Nutzungsdauer	0:02:35
Zuonline	2016-10	Visits	101586
Zuonline	2016-10	Visits/UCs	1.9
Zuonline	2016-11	CH PIs	80-84%
Zuonline	2016-11	CH Visits	75-79%
Zuonline	2016-11	PI/Visits	2.3
Zuonline	2016-11	Page Impressions	267514
Zuonline	2016-11	Unique Clients	59000
Zuonline	2016-11	Nutzungsdauer	0:02:27
Zuonline	2016-11	Visits	114700
Zuonline	2016-11	Visits/UCs	1.9
Zuonline	2016-12	CH PIs	80-84%
Zuonline	2016-12	CH Visits	75-79%
Zuonline	2016-12	PI/Visits	2.4
Zuonline	2016-12	Page Impressions	231222
Zuonline	2016-12	Unique Clients	47000
Zuonline	2016-12	Nutzungsdauer	0:02:22
Zuonline	2016-12	Visits	96613
Zuonline	2016-12	Visits/UCs	2.1
Zuonline	2017-01	CH PIs	80-84%
Zuonline	2017-01	CH Visits	80-84%
Zuonline	2017-01	PI/Visits	2.2
Zuonline	2017-01	Page Impressions	246443
Zuonline	2017-01	Unique Clients	58000
Zuonline	2017-01	Nutzungsdauer	0:02:26
Zuonline	2017-01	Visits	112385
Zuonline	2017-01	Visits/UCs	1.9
Zuonline	2017-02	CH PIs	80-84%
Zuonline	2017-02	CH Visits	80-84%
Zuonline	2017-02	PI/Visits	2.4
Zuonline	2017-02	Page Impressions	224502
Zuonline	2017-02	Unique Clients	48000
Zuonline	2017-02	Nutzungsdauer	0:02:26
Zuonline	2017-02	Visits	93684
Zuonline	2017-02	Visits/UCs	2.0
Zuonline	2017-03	CH PIs	85-89%
Zuonline	2017-03	CH Visits	80-84%
Zuonline	2017-03	PI/Visits	2.3
Zuonline	2017-03	Page Impressions	231513
Zuonline	2017-03	Unique Clients	51000
Zuonline	2017-03	Nutzungsdauer	0:02:28
Zuonline	2017-03	Visits	99621
Zuonline	2017-03	Visits/UCs	2.0
Zuonline	2017-04	CH PIs	85-89%
Zuonline	2017-04	CH Visits	80-84%
Zuonline	2017-04	PI/Visits	3.2
Zuonline	2017-04	Page Impressions	350844
Zuonline	2017-04	Unique Clients	53000
Zuonline	2017-04	Nutzungsdauer	0:02:42
Zuonline	2017-04	Visits	108296
Zuonline	2017-04	Visits/UCs	2.0
Zuonline	2017-05	CH PIs	85-89%
Zuonline	2017-05	CH Visits	85-89%
Zuonline	2017-05	PI/Visits	2.9
Zuonline	2017-05	Page Impressions	306679
Zuonline	2017-05	Unique Clients	50000
Zuonline	2017-05	Nutzungsdauer	0:02:41
Zuonline	2017-05	Visits	106677
Zuonline	2017-05	Visits/UCs	2.1
Zuonline	2017-06	CH PIs	85-89%
Zuonline	2017-06	CH Visits	80-84%
Zuonline	2017-06	PI/Visits	3.0
Zuonline	2017-06	Page Impressions	306237
Zuonline	2017-06	Unique Clients	48000
Zuonline	2017-06	Nutzungsdauer	0:02:50
Zuonline	2017-06	Visits	103759
Zuonline	2017-06	Visits/UCs	2.2
Zuonline	2017-07	CH PIs	85-89%
Zuonline	2017-07	CH Visits	85-89%
Zuonline	2017-07	PI/Visits	3.1
Zuonline	2017-07	Page Impressions	319641
Zuonline	2017-07	Unique Clients	47000
Zuonline	2017-07	Nutzungsdauer	0:02:49
Zuonline	2017-07	Visits	102137
Zuonline	2017-07	Visits/UCs	2.2
Zuonline	2017-08	CH PIs	85-89%
Zuonline	2017-08	CH Visits	85-89%
Zuonline	2017-08	PI/Visits	3.2
Zuonline	2017-08	Page Impressions	320230
Zuonline	2017-08	Unique Clients	48000
Zuonline	2017-08	Nutzungsdauer	0:02:44
Zuonline	2017-08	Visits	101543
Zuonline	2017-08	Visits/UCs	2.1
Zuonline	2017-09	CH PIs	85-89%
Zuonline	2017-09	CH Visits	85-89%
Zuonline	2017-09	PI/Visits	3.0
Zuonline	2017-09	Page Impressions	315627
Zuonline	2017-09	Unique Clients	52000
Zuonline	2017-09	Nutzungsdauer	0:02:51
Zuonline	2017-09	Visits	106934
Zuonline	2017-09	Visits/UCs	2.1
Zuonline	2017-10	CH PIs	85-89%
Zuonline	2017-10	CH Visits	85-89%
Zuonline	2017-10	PI/Visits	2.8
Zuonline	2017-10	Page Impressions	287629
Zuonline	2017-10	Unique Clients	48000
Zuonline	2017-10	Nutzungsdauer	0:02:53
Zuonline	2017-10	Visits	103185
Zuonline	2017-10	Visits/UCs	2.1
